date,campaign_id,page_views,campaign_name,unique_visitors,clicks,bounce_rate,impressions,average_session_duration,ctr,cost,conversion_rate,conversion_value,campaign_start_date,campaign_end_date
1/4/2024,1,3632,Rev,3949,7064,51,83152,320,0.91,Peso,0.64,Euro,10/13/2021,3/6/2021
1/3/2024,2,1208,Mr,985,2745,61,31353,452,0.48,Bolivar,0.68,Tugrik,11/28/2021,1/27/2021
1/2/2024,3,6005,Rev,3079,4737,98,4003,210,0.43,Marka,0.73,Sol,8/29/2021,11/13/2021
1/1/2024,4,9596,Honorable,311,7655,35,3382,435,0.74,Rupiah,0.6,Yuan Renminbi,9/26/2021,4/28/2021
1/3/2024,5,2372,Honorable,2568,6139,48,49088,247,0.52,Koruna,0.56,Yuan Renminbi,5/23/2021,8/8/2021
1/3/2024,6,8206,Dr,225,5873,41,81358,424,0.4,Cordoba,0.62,Krone,12/19/2021,10/17/2021
1/1/2024,7,676,Ms,2057,4770,4,66250,485,0.89,Rufiyaa,0.65,Peso,7/13/2021,12/8/2021
1/2/2024,8,3845,Ms,488,5785,20,65902,373,0.97,Yuan Renminbi,0.79,Euro,6/28/2021,7/14/2021
1/2/2024,9,3218,Honorable,3292,5590,76,1250,354,0.25,Rupiah,0.28,Euro,10/9/2021,3/21/2021
1/1/2024,10,8572,Ms,710,1530,25,79344,291,0.33,Baht,0.65,Baht,5/19/2021,4/4/2021
1/2/2024,11,5545,Dr,3675,7568,77,40167,238,0.62,Rupiah,1.0,Euro,6/2/2021,9/17/2021
1/1/2024,12,2696,Mr,570,8376,94,38349,255,0.03,Colon,0.98,Koruna,2/23/2021,3/29/2021
1/2/2024,13,630,Honorable,3258,7757,26,21959,206,0.2,Dollar,0.25,Euro,9/28/2021,3/12/2021
1/4/2024,14,766,Rev,2003,2186,33,69338,330,0.19,Dollar,0.41,Yuan Renminbi,7/11/2021,8/30/2021
1/2/2024,15,1948,Ms,2919,213,25,33819,229,0.62,Ruble,0.72,Rupiah,4/23/2021,1/30/2021
1/1/2024,16,7049,Mr,1233,3851,39,94941,423,0.91,Yuan Renminbi,0.94,Euro,7/19/2021,5/28/2021
1/1/2024,17,8073,Ms,1538,6956,68,26485,269,0.14,Rupiah,0.23,Rupiah,9/4/2021,6/21/2021
1/3/2024,18,2437,Honorable,3021,120,46,88535,247,0.62,Peso,0.17,Peso,12/21/2021,11/8/2021
1/4/2024,19,7702,Mr,2108,7609,34,62331,210,0.47,Euro,0.23,Yuan Renminbi,12/18/2021,2/13/2021
1/1/2024,20,999,Mr,2663,6809,89,37881,302,0.7,Ruble,0.34,Euro,10/9/2021,9/18/2021
1/3/2024,21,5192,Mr,1198,853,79,96211,299,0.77,Yuan Renminbi,0.98,Ruble,1/25/2021,3/11/2021
1/3/2024,22,8966,Honorable,986,9891,13,92992,368,0.23,Dram,0.02,Ruble,12/25/2021,2/21/2021
1/4/2024,23,4816,Ms,1627,3137,13,32435,376,0.74,Krona,0.88,Yuan Renminbi,1/28/2021,3/28/2021
1/1/2024,24,8331,Ms,1950,1371,70,52458,200,0.06,Baht,0.44,Rupiah,3/11/2021,1/18/2021
1/3/2024,25,6453,Mr,1559,3537,69,29391,306,0.25,Yuan Renminbi,0.97,Euro,6/30/2021,5/4/2021
1/1/2024,26,4397,Rev,2660,7219,30,86290,436,0.71,Yuan Renminbi,0.51,Peso,6/26/2021,3/3/2021
1/2/2024,27,6490,Dr,3000,7081,71,88941,227,0.55,Euro,0.6,Ruble,2/4/2021,5/19/2021
1/3/2024,28,9861,Rev,636,3055,52,44586,484,0.84,Dinar,1.0,Euro,6/9/2021,7/4/2021
1/2/2024,29,1034,Mrs,2545,6893,89,24552,391,0.01,Denar,0.18,Dollar,4/12/2021,5/18/2021
1/3/2024,30,2391,Mrs,2425,1994,51,41236,451,0.32,Peso,0.17,Yuan Renminbi,2/9/2021,4/6/2021
1/3/2024,31,4205,Mrs,414,369,17,31568,351,0.37,Balboa,0.93,Rupiah,8/19/2021,3/29/2021
1/4/2024,32,4418,Ms,1762,6652,1,74280,384,0.38,Zloty,0.17,Shilling,7/29/2021,7/12/2021
1/1/2024,33,2112,Ms,3360,9670,91,25720,297,0.25,Ruble,0.29,Peso,8/25/2021,3/12/2021
1/2/2024,34,3270,Ms,2298,3149,47,64709,480,0.22,Guarani,0.72,Yuan Renminbi,7/22/2021,9/18/2021
1/4/2024,35,7764,Mrs,992,3141,94,56528,396,0.1,Euro,0.41,Yuan Renminbi,8/21/2021,2/22/2021
1/2/2024,36,2984,Mr,2474,8373,26,82874,499,0.87,Peso,0.47,Franc,10/31/2021,4/11/2021
1/2/2024,37,2547,Honorable,3062,9997,80,86071,202,0.45,Yuan Renminbi,0.79,Koruna,10/13/2021,4/15/2021
1/2/2024,38,4461,Honorable,3004,3010,39,49590,224,0.97,Sol,0.2,Bolivar,6/16/2021,2/12/2021
1/4/2024,39,5933,Dr,2941,8590,29,98392,347,0.53,Dollar,0.48,Yuan Renminbi,6/25/2021,12/24/2021
1/1/2024,40,6255,Mrs,1028,6533,4,41635,409,0.72,Yuan Renminbi,0.35,Euro,4/4/2021,9/9/2021
1/3/2024,41,7744,Rev,2234,2390,0,59447,261,0.53,Peso,0.05,Sol,7/25/2021,2/6/2021
1/4/2024,42,5841,Dr,769,6220,94,22817,484,0.9,Peso,0.84,Rupiah,1/6/2021,10/7/2021
1/2/2024,43,2267,Rev,2100,2057,42,59709,476,0.83,Krona,0.04,Euro,12/4/2021,1/26/2021
1/2/2024,44,5663,Honorable,652,325,8,30293,446,0.99,Afghani,0.79,Peso,11/18/2021,7/29/2021
1/4/2024,45,8621,Mrs,376,1590,18,57522,482,0.15,Yuan Renminbi,0.88,Yuan Renminbi,9/1/2021,4/29/2021
1/1/2024,46,1805,Dr,2929,4709,92,96492,299,0.91,Yen,0.28,Rupiah,11/2/2021,2/18/2021
1/1/2024,47,5230,Mrs,570,3963,60,53891,351,0.11,Tala,0.06,Dinar,7/3/2021,2/8/2021
1/4/2024,48,5002,Dr,2561,6546,62,71663,447,0.16,Euro,0.95,Shilling,4/1/2021,1/24/2021
1/4/2024,49,4586,Dr,431,7995,14,88017,307,0.13,Peso,0.7,Rupiah,11/26/2021,1/16/2021
1/2/2024,50,8088,Dr,1941,4364,35,75496,242,0.15,Euro,0.12,Euro,6/22/2021,3/26/2021
1/4/2024,51,2545,Ms,1211,8750,3,87360,215,0.78,Ruble,0.3,Dollar,8/12/2021,12/21/2021
1/2/2024,52,8753,Rev,1915,6308,93,19650,301,0.23,Zloty,0.53,Yuan Renminbi,4/22/2021,12/3/2021
1/2/2024,53,5210,Dr,2147,3638,93,64395,383,0.95,Rupiah,0.83,Afghani,12/22/2021,8/3/2021
1/1/2024,54,9978,Mr,3317,851,6,89043,270,0.23,Peso,0.45,Baht,1/2/2021,10/15/2021
1/2/2024,55,4222,Honorable,1488,5241,80,56376,214,0.71,Rand,0.61,Yuan Renminbi,5/17/2021,8/10/2021
1/2/2024,56,7501,Rev,390,6655,86,70154,223,0.83,Yuan Renminbi,0.72,Euro,8/17/2021,4/4/2021
1/4/2024,57,2875,Rev,3653,2801,36,86958,367,0.49,Krona,0.65,Yuan Renminbi,11/5/2021,8/14/2021
1/4/2024,58,9688,Ms,2452,5973,6,55521,215,0.46,Marka,0.47,Dinar,9/6/2021,8/30/2021
1/3/2024,59,4533,Ms,1972,8432,97,42567,490,0.06,Peso,0.09,Euro,11/10/2021,11/23/2021
1/1/2024,60,9482,Honorable,331,9909,53,98980,311,0.57,Euro,0.63,Yuan Renminbi,11/23/2021,3/5/2021
1/1/2024,61,3174,Mr,3588,3761,56,91185,254,0.53,Euro,0.52,Ruble,5/12/2021,3/17/2021
1/1/2024,62,6453,Rev,1508,2616,14,19492,267,0.14,Ruble,0.58,Pula,11/19/2021,12/21/2021
1/2/2024,63,1735,Honorable,1122,5741,69,33468,374,0.8,Peso,0.81,Real,7/18/2021,10/13/2021
1/3/2024,64,6794,Mrs,1155,6928,3,89620,237,0.51,Hryvnia,0.01,Peso,3/17/2021,3/3/2021
1/1/2024,65,2229,Ms,1504,8515,55,17859,285,0.11,Ruble,0.57,Ruble,4/8/2021,11/22/2021
1/2/2024,66,5496,Dr,387,502,94,80073,450,0.86,Peso,0.55,Dollar,6/27/2021,3/20/2021
1/1/2024,67,9808,Ms,2850,6188,34,51724,422,0.23,Koruna,0.55,Yuan Renminbi,8/26/2021,3/29/2021
1/4/2024,68,3194,Honorable,1721,7573,64,34562,367,0.98,Rupiah,0.55,Rupiah,11/18/2021,12/28/2021
1/4/2024,69,1266,Mrs,1602,7376,15,11152,364,0.44,Euro,0.29,Euro,10/26/2021,4/24/2021
1/4/2024,70,9566,Rev,1205,6679,15,88280,423,0.89,Yuan Renminbi,0.8,Yuan Renminbi,3/27/2021,6/15/2021
1/2/2024,71,9703,Rev,3319,5087,82,16782,360,0.42,Krona,0.23,Rupiah,1/2/2021,7/28/2021
1/2/2024,72,4774,Honorable,2711,6656,20,89723,423,0.85,Rupiah,0.02,Yuan Renminbi,1/20/2021,12/5/2021
1/2/2024,73,5692,Dr,3035,3904,30,66039,438,0.28,Yuan Renminbi,0.03,Shekel,9/3/2021,9/6/2021
1/2/2024,74,3121,Dr,1178,1021,61,99638,486,0.83,Rupiah,0.99,Rupiah,9/6/2021,4/29/2021
1/3/2024,75,2955,Rev,1033,2589,14,45448,490,0.87,Sol,0.15,Rupiah,10/4/2021,10/14/2021
1/2/2024,76,7298,Dr,857,6778,36,17153,263,0.51,Rupiah,0.75,Dinar,12/2/2021,3/8/2021
1/1/2024,77,6208,Ms,605,3384,19,72855,269,0.77,Afghani,0.52,Rupiah,1/17/2021,5/25/2021
1/1/2024,78,2591,Dr,2280,5843,93,32480,255,0.39,Pula,0.44,Ruble,4/27/2021,7/3/2021
1/3/2024,79,5868,Mr,1244,4195,22,9198,350,0.35,Yuan Renminbi,0.73,Yuan Renminbi,7/29/2021,1/4/2021
1/2/2024,80,3710,Mr,3052,8418,60,73457,450,0.93,Yuan Renminbi,0.09,Dollar,3/30/2021,12/10/2021
1/2/2024,81,2556,Rev,1654,7362,65,67347,472,0.61,Kyat,0.75,Yuan Renminbi,6/16/2021,6/14/2021
1/1/2024,82,8075,Mr,3559,9827,63,78087,440,0.07,Yuan Renminbi,0.33,Yuan Renminbi,7/12/2021,9/7/2021
1/1/2024,83,8543,Ms,1848,9695,83,6837,325,0.33,Rupiah,0.49,Rupiah,12/11/2021,7/1/2021
1/2/2024,84,8432,Honorable,3941,9914,97,32275,456,0.66,Peso,0.75,Yuan Renminbi,2/22/2021,8/24/2021
1/3/2024,85,1091,Mrs,1651,4392,77,59873,428,0.58,Yuan Renminbi,0.11,Peso,12/10/2021,9/11/2021
1/3/2024,86,579,Honorable,250,7687,90,81129,282,0.11,Tugrik,0.06,Peso,6/7/2021,12/3/2021
1/2/2024,87,3406,Mrs,1153,3877,39,89305,487,0.44,Yuan Renminbi,0.43,Peso,11/29/2021,8/20/2021
1/1/2024,88,5053,Dr,2401,4499,2,35175,326,0.35,Yuan Renminbi,0.17,Yuan Renminbi,9/1/2021,4/30/2021
1/4/2024,89,6739,Rev,2514,4104,100,69955,384,0.79,Yuan Renminbi,0.57,Rupiah,10/31/2021,12/3/2021
1/4/2024,90,6845,Mrs,669,4031,62,39251,255,0.17,Peso,0.97,Yuan Renminbi,12/16/2021,3/12/2021
1/4/2024,91,7942,Mrs,2387,574,37,13971,476,0.31,Franc,0.09,Rupiah,9/1/2021,5/13/2021
1/2/2024,92,6740,Rev,1860,1432,20,33290,213,0.64,Euro,0.82,Pound,11/19/2021,7/6/2021
1/3/2024,93,4232,Dr,1115,5113,90,60889,202,0.03,Pound,0.08,Rupee,9/10/2021,5/9/2021
1/3/2024,94,1503,Mr,2494,107,30,44975,229,0.5,Rupiah,0.98,Yuan Renminbi,5/24/2021,9/19/2021
1/1/2024,95,2705,Ms,766,5177,23,26752,396,0.33,Yuan Renminbi,0.22,Sol,1/31/2021,2/16/2021
1/1/2024,96,2443,Rev,3913,3985,72,20261,464,0.67,Euro,0.86,Real,5/22/2021,1/21/2021
1/3/2024,97,9950,Rev,3615,9322,47,74019,325,0.96,Dollar,0.97,Ringgit,1/18/2021,8/16/2021
1/2/2024,98,2073,Ms,3693,5681,0,39237,293,0.36,Kuna,0.96,Peso,3/19/2021,8/25/2021
1/1/2024,99,4070,Dr,1304,7239,72,78920,328,0.04,Rupiah,0.7,Peso,7/28/2021,6/26/2021
1/1/2024,100,3488,Dr,3637,1901,9,85067,256,0.11,Peso,0.68,Peso,10/17/2021,6/11/2021
1/4/2024,101,8672,Ms,3275,2696,27,52359,421,0.97,Koruna,0.59,Yuan Renminbi,1/9/2021,9/17/2021
1/4/2024,102,7370,Rev,2517,637,24,17316,472,0.55,Kyat,0.96,Hryvnia,10/8/2021,9/28/2021
1/1/2024,103,8116,Rev,3230,4071,67,63476,449,0.71,Real,0.5,Dollar,3/4/2021,12/29/2021
1/3/2024,104,1473,Mrs,905,6378,10,8186,277,0.37,Dinar,0.56,Yuan Renminbi,2/22/2021,6/28/2021
1/4/2024,105,1848,Dr,3040,117,27,66772,217,1.0,Dollar,0.6,Euro,7/11/2021,5/10/2021
1/3/2024,106,9545,Ms,1383,5810,93,50177,321,0.64,Dong,0.22,Rupee,9/1/2021,5/14/2021
1/2/2024,107,3375,Ms,853,1939,94,83830,383,0.58,Tenge,0.78,Baht,11/25/2021,9/2/2021
1/4/2024,108,7929,Mr,3657,3366,75,60500,302,0.42,Koruna,0.06,Cedi,7/13/2021,7/17/2021
1/3/2024,109,687,Mr,1903,266,18,15125,325,0.64,Zloty,0.56,Dollar,6/13/2021,3/7/2021
1/4/2024,110,6168,Ms,3455,2212,99,8266,485,0.2,Rupee,0.42,Hryvnia,2/16/2021,11/6/2021
1/3/2024,111,7319,Mrs,1427,2687,18,55795,250,0.13,Pound,0.95,Yuan Renminbi,4/6/2021,12/1/2021
1/4/2024,112,9220,Honorable,2218,7440,79,87330,491,0.95,Peso,0.55,Yuan Renminbi,6/1/2021,2/27/2021
1/3/2024,113,9473,Dr,1486,2622,5,32390,440,0.95,Yuan Renminbi,0.34,Naira,11/30/2021,6/14/2021
1/2/2024,114,2871,Mrs,2769,8680,12,84808,224,0.63,Peso,0.8,Yuan Renminbi,7/6/2021,7/21/2021
1/1/2024,115,5335,Mrs,3683,9361,2,64998,206,0.32,Euro,0.81,Koruna,3/29/2021,10/31/2021
1/1/2024,116,6826,Ms,3983,5725,20,45710,418,0.81,Yuan Renminbi,0.8,Euro,10/14/2021,9/18/2021
1/3/2024,117,3297,Honorable,3442,3805,3,37708,410,0.66,Ruble,0.87,Yuan Renminbi,9/8/2021,2/10/2021
1/2/2024,118,7017,Mrs,3819,298,3,63516,325,0.54,Rupee,0.64,Yuan Renminbi,3/1/2021,1/18/2021
1/4/2024,119,6749,Rev,1689,3939,89,19831,209,0.2,Euro,0.88,Rupiah,11/16/2021,7/29/2021
1/2/2024,120,554,Mr,1761,8458,53,93147,497,0.52,Rupiah,0.1,Euro,3/8/2021,3/9/2021
1/2/2024,121,7017,Mrs,3815,7761,12,26114,420,0.43,Sol,0.04,Tenge,1/22/2021,11/19/2021
1/4/2024,122,1375,Mrs,2322,7291,29,12385,309,0.59,Euro,0.69,Won,1/20/2021,10/26/2021
1/1/2024,123,4242,Dr,721,776,93,40759,447,0.98,Yuan Renminbi,0.03,Real,11/14/2021,6/3/2021
1/4/2024,124,2784,Dr,1293,3715,22,5306,475,0.81,Krona,0.81,Lempira,5/30/2021,9/28/2021
1/3/2024,125,6620,Rev,504,377,67,59726,213,0.77,Yuan Renminbi,0.15,Ruble,1/4/2021,10/5/2021
1/2/2024,126,9794,Mrs,3576,4020,59,24464,260,0.78,Peso,0.56,Krona,7/31/2021,7/24/2021
1/3/2024,127,6109,Dr,3811,6239,100,39093,417,0.19,Yuan Renminbi,0.21,Peso,12/18/2021,4/15/2021
1/3/2024,128,7039,Mrs,2551,9285,49,70087,497,0.89,Yuan Renminbi,0.09,Peso,5/31/2021,11/28/2021
1/4/2024,129,7190,Honorable,2634,9732,54,24959,230,0.99,Yuan Renminbi,0.39,Peso,8/25/2021,12/24/2021
1/4/2024,130,2301,Dr,2684,7780,40,76723,432,0.92,Yuan Renminbi,0.55,Lempira,4/12/2021,7/6/2021
1/2/2024,131,6198,Honorable,3872,4297,20,76805,342,0.04,Peso,0.74,Krona,10/29/2021,1/18/2021
1/4/2024,132,4426,Rev,3264,9935,20,63019,373,0.5,Yuan Renminbi,0.62,Peso,12/27/2021,4/24/2021
1/3/2024,133,9012,Dr,3743,3835,19,52834,233,0.76,Rupiah,0.67,Denar,6/22/2021,7/30/2021
1/4/2024,134,3433,Ms,2822,7702,31,86725,338,0.4,Rand,0.9,Marka,10/19/2021,4/10/2021
1/4/2024,135,6193,Mr,850,2369,58,68815,467,0.06,Peso,0.96,Yuan Renminbi,8/16/2021,4/19/2021
1/2/2024,136,9675,Ms,860,5012,64,50390,265,0.62,Yuan Renminbi,0.0,Rial,9/24/2021,4/11/2021
1/1/2024,137,4073,Mrs,2360,2666,12,82324,496,0.17,Yuan Renminbi,0.41,Euro,4/20/2021,7/24/2021
1/4/2024,138,7063,Dr,2676,6579,38,76999,215,0.16,Yuan Renminbi,0.46,Rupee,1/16/2021,11/29/2021
1/4/2024,139,4452,Honorable,765,1525,35,62270,365,0.41,Yuan Renminbi,0.95,Hryvnia,9/8/2021,4/2/2021
1/2/2024,140,7601,Rev,2060,4084,47,10497,265,0.07,Cordoba,0.86,Dong,10/2/2021,9/21/2021
1/1/2024,141,8699,Dr,1325,7996,0,9290,352,0.83,Yuan Renminbi,0.64,Ruble,1/23/2021,8/20/2021
1/3/2024,142,6785,Rev,2004,6454,89,58724,436,0.01,Yuan Renminbi,0.33,Rial,6/26/2021,9/4/2021
1/2/2024,143,7992,Rev,1586,6350,40,2875,266,0.27,Peso,0.4,Real,10/27/2021,12/11/2021
1/3/2024,144,9184,Mr,363,6480,90,71764,405,0.8,Ruble,0.55,Lev,1/30/2021,3/1/2021
1/2/2024,145,9080,Rev,3653,9956,26,77586,348,0.93,Yuan Renminbi,0.1,Pound,7/3/2021,11/21/2021
1/1/2024,146,4255,Mrs,1924,8368,30,23178,220,0.84,Krona,1.0,Tenge,8/22/2021,3/7/2021
1/4/2024,147,6548,Mrs,3949,320,96,30796,210,0.59,Yuan Renminbi,0.15,Ruble,8/9/2021,6/10/2021
1/2/2024,148,1845,Dr,1721,2832,65,16787,355,0.65,Krona,0.31,Yuan Renminbi,1/31/2021,8/17/2021
1/3/2024,149,3449,Mr,2000,5199,58,25045,262,0.63,Dinar,0.51,Euro,4/8/2021,4/30/2021
1/4/2024,150,831,Mr,1657,10000,24,47036,404,0.06,Lev,0.89,Zloty,2/9/2021,11/29/2021
1/2/2024,151,4937,Mr,817,628,39,45212,311,0.44,Koruna,0.92,Krone,5/27/2021,8/20/2021
1/3/2024,152,3030,Honorable,2374,6983,75,39266,309,0.93,Lev,0.46,Ruble,7/7/2021,12/8/2021
1/4/2024,153,2753,Ms,2556,1316,29,94614,422,0.38,Peso,0.23,Yuan Renminbi,1/9/2021,4/19/2021
1/2/2024,154,5211,Mrs,1033,5942,20,73689,408,0.77,Yuan Renminbi,0.15,Ruble,7/12/2021,7/6/2021
1/3/2024,155,2578,Honorable,2774,837,89,51412,270,0.21,Euro,0.13,Yuan Renminbi,7/18/2021,7/2/2021
1/2/2024,156,1717,Mrs,2445,3467,12,53726,233,0.18,Rupiah,0.9,Ruble,11/4/2021,6/1/2021
1/1/2024,157,7439,Dr,3399,5474,77,87586,399,0.11,Ruble,0.72,Rupiah,1/5/2021,9/1/2021
1/4/2024,158,5387,Ms,2502,7149,75,89142,242,0.81,Zloty,0.2,Dong,4/11/2021,2/9/2021
1/4/2024,159,9598,Rev,3920,7323,62,82290,485,0.4,Yuan Renminbi,0.51,Dollar,6/15/2021,8/21/2021
1/2/2024,160,5585,Honorable,1684,460,68,69822,484,0.31,Peso,0.82,Dinar,11/21/2021,3/13/2021
1/4/2024,161,2697,Mr,703,8291,0,19715,246,0.42,Rupiah,0.91,Euro,9/17/2021,5/24/2021
1/2/2024,162,2268,Ms,1748,6434,78,21905,342,0.67,Yen,0.76,Dollar,8/4/2021,9/24/2021
1/2/2024,163,5677,Mrs,3914,640,57,84701,439,0.32,Ruble,0.56,Peso,7/22/2021,5/20/2021
1/4/2024,164,2955,Mrs,3053,8538,54,47123,465,0.76,Krone,0.6,Yuan Renminbi,12/19/2021,3/13/2021
1/3/2024,165,8201,Honorable,1944,5645,20,86774,496,0.21,Dram,0.12,Yuan Renminbi,3/5/2021,11/23/2021
1/1/2024,166,724,Mr,231,2988,41,30555,427,0.7,Rupiah,0.41,Taka,4/10/2021,11/16/2021
1/4/2024,167,8645,Ms,3945,8464,67,15960,312,0.48,Peso,0.36,Real,2/20/2021,8/16/2021
1/1/2024,168,5766,Dr,1075,9263,75,76895,346,0.6,Ruble,0.78,Rial,10/13/2021,8/4/2021
1/4/2024,169,1200,Ms,2651,8098,69,39795,276,0.23,Euro,0.13,Dollar,10/29/2021,8/13/2021
1/2/2024,170,8486,Rev,2236,1517,57,55094,414,0.39,Peso,0.37,Franc,12/20/2021,5/26/2021
1/2/2024,171,4286,Honorable,3556,9300,29,77242,212,0.7,Yuan Renminbi,0.33,Peso,11/5/2021,10/14/2021
1/2/2024,172,1717,Honorable,1464,646,55,17751,262,0.61,Rupiah,0.52,Rupiah,5/28/2021,12/7/2021
1/2/2024,173,5197,Ms,858,4382,19,31059,283,0.4,Peso,0.62,Euro,4/27/2021,10/19/2021
1/1/2024,174,8784,Honorable,3716,8958,52,81878,474,0.76,Yuan Renminbi,0.48,Dollar,10/4/2021,3/17/2021
1/4/2024,175,2682,Honorable,384,6605,1,63039,500,0.8,Euro,0.24,Quetzal,12/11/2021,11/17/2021
1/1/2024,176,7144,Mr,1610,3413,95,76510,442,0.05,Franc,0.55,Sol,1/31/2021,4/22/2021
1/3/2024,177,9592,Honorable,1860,896,97,5558,202,0.43,Euro,0.58,Naira,11/7/2021,7/9/2021
1/4/2024,178,4753,Rev,1541,2956,83,48008,452,0.76,Peso,0.63,Real,1/30/2021,7/14/2021
1/2/2024,179,2735,Mrs,2266,3070,73,17197,391,0.71,Rupiah,0.92,Rupiah,4/2/2021,6/17/2021
1/4/2024,180,8333,Mr,3388,1763,50,99128,498,0.97,Hryvnia,0.21,Krona,3/27/2021,9/30/2021
1/3/2024,181,2610,Mr,2136,2172,17,49344,411,0.63,Euro,0.1,Baht,6/7/2021,8/2/2021
1/2/2024,182,6633,Ms,444,3194,82,41483,404,0.94,Naira,0.72,Euro,10/30/2021,5/12/2021
1/3/2024,183,9432,Ms,1190,8196,0,34514,455,0.51,Euro,0.87,Yuan Renminbi,12/30/2021,9/29/2021
1/2/2024,184,4129,Rev,2038,5129,73,85734,455,0.12,Baht,0.42,Peso,9/4/2021,12/30/2021
1/2/2024,185,5699,Mrs,1411,4007,43,17216,285,0.54,Yuan Renminbi,0.34,Dinar,9/5/2021,10/31/2021
1/3/2024,186,9345,Dr,1438,4621,87,49504,478,0.61,Zloty,0.56,Rupiah,12/27/2021,10/13/2021
1/3/2024,187,5212,Dr,3411,8234,89,2408,397,0.56,Sol,0.01,Birr,12/29/2021,6/28/2021
1/1/2024,188,2474,Mr,269,5393,57,30859,200,0.87,Zloty,0.89,Yuan Renminbi,12/3/2021,1/27/2021
1/2/2024,189,8730,Mr,1395,2393,95,28375,456,0.91,Yuan Renminbi,0.05,Euro,9/4/2021,2/13/2021
1/1/2024,190,3693,Mrs,1635,6428,5,30777,310,0.49,Euro,0.35,Real,4/6/2021,2/6/2021
1/1/2024,191,6437,Ms,2311,3856,19,89867,301,0.92,Ruble,0.61,Krona,9/17/2021,9/3/2021
1/4/2024,192,9759,Ms,594,2688,97,12961,204,0.93,Yuan Renminbi,0.96,Bolivar,12/30/2021,11/18/2021
1/2/2024,193,7860,Rev,3031,2737,12,83068,304,0.27,Shilling,0.01,Franc,5/13/2021,5/2/2021
1/1/2024,194,9879,Rev,454,9120,42,381,300,0.84,Peso,0.05,Rupiah,4/25/2021,4/12/2021
1/3/2024,195,4127,Ms,2725,7071,32,75538,226,0.48,Yuan Renminbi,0.17,Yuan Renminbi,7/16/2021,8/11/2021
1/3/2024,196,2177,Mrs,305,5461,79,64919,365,0.7,Peso,0.2,Birr,2/11/2021,5/6/2021
1/3/2024,197,7886,Mrs,2283,2214,66,15588,236,0.16,Zloty,0.35,Shekel,4/6/2021,5/24/2021
1/2/2024,198,8158,Mr,1472,3650,22,10663,281,0.47,Yuan Renminbi,0.79,Yuan Renminbi,1/1/2021,11/5/2021
1/3/2024,199,3918,Dr,3316,1282,77,38695,322,0.37,Peso,0.37,Ariary,8/21/2021,8/19/2021
1/4/2024,200,2586,Honorable,722,2724,4,92281,207,0.58,Ruble,0.07,Yuan Renminbi,12/29/2021,5/2/2021
1/3/2024,201,7901,Mr,3269,1089,99,77676,234,0.0,Euro,0.1,Peso,10/28/2021,3/24/2021
1/2/2024,202,2953,Rev,1175,7496,64,9957,201,0.17,Yuan Renminbi,0.4,Rupee,1/8/2021,3/30/2021
1/2/2024,203,7800,Mr,2746,3286,33,74479,437,0.64,Yuan Renminbi,0.09,Rial,1/20/2021,1/9/2021
1/1/2024,204,6415,Mr,3223,7774,73,69699,366,0.71,Euro,0.94,Rial,11/6/2021,8/12/2021
1/2/2024,205,4374,Ms,3377,9824,6,2449,399,0.71,Yuan Renminbi,0.67,Zloty,8/5/2021,11/22/2021
1/3/2024,206,4591,Dr,2152,2309,54,12451,456,0.78,Peso,0.4,Koruna,6/12/2021,9/16/2021
1/1/2024,207,6915,Rev,3989,9393,75,16627,298,0.34,Rupiah,0.69,Rupiah,8/30/2021,2/23/2021
1/1/2024,208,7925,Honorable,1529,2354,85,61956,438,0.09,Yuan Renminbi,0.67,Tugrik,10/14/2021,9/16/2021
1/3/2024,209,923,Ms,708,8663,44,71052,248,0.96,Yuan Renminbi,0.2,Ruble,2/6/2021,1/16/2021
1/3/2024,210,1803,Honorable,282,2446,58,86696,475,0.07,Euro,1.0,Euro,5/13/2021,2/27/2021
1/2/2024,211,9760,Rev,859,4543,17,48849,415,0.45,Yuan Renminbi,0.32,Peso,3/5/2021,8/25/2021
1/4/2024,212,7885,Mr,3171,6991,90,49277,221,0.92,Ruble,0.75,Yuan Renminbi,10/9/2021,7/22/2021
1/4/2024,213,9471,Mrs,2568,5463,61,76584,483,0.54,Peso,0.45,Yen,4/20/2021,5/29/2021
1/3/2024,214,6421,Mr,1755,3970,94,17802,286,0.54,Kuna,0.49,Rupiah,7/24/2021,5/29/2021
1/2/2024,215,4627,Honorable,759,1560,50,38079,303,0.96,Rupiah,0.86,Quetzal,5/7/2021,3/29/2021
1/1/2024,216,3868,Mrs,1510,9080,4,31053,387,0.54,Sol,0.8,Rupiah,12/30/2021,3/6/2021
1/2/2024,217,7082,Ms,1249,7143,82,84820,455,0.59,Zloty,0.26,Peso,9/28/2021,6/29/2021
1/2/2024,218,1009,Mr,3206,4038,50,93065,276,0.33,Sol,0.65,Euro,11/22/2021,9/4/2021
1/3/2024,219,3421,Dr,3574,5122,48,41936,429,0.8,Yuan Renminbi,0.29,Rial,3/31/2021,3/28/2021
1/3/2024,220,1797,Mrs,991,7396,35,7769,241,0.89,Dram,0.04,Euro,10/11/2021,9/1/2021
1/2/2024,221,3498,Ms,3527,9475,72,48854,412,0.71,Yuan Renminbi,0.33,Euro,7/31/2021,8/3/2021
1/3/2024,222,6629,Rev,1658,1314,20,67586,468,0.73,Yuan Renminbi,0.79,Rupiah,6/17/2021,9/12/2021
1/3/2024,223,670,Mrs,951,3065,40,68219,459,0.76,Dollar,0.73,Shekel,3/25/2021,4/19/2021
1/2/2024,224,1282,Honorable,3523,4548,69,6083,412,0.15,Zloty,0.44,Shekel,5/21/2021,5/23/2021
1/3/2024,225,3894,Ms,3995,2133,44,40198,424,0.21,Peso,0.31,Peso,8/6/2021,4/11/2021
1/3/2024,226,2692,Honorable,1757,4753,15,88315,370,0.0,Koruna,0.66,Afghani,11/7/2021,4/10/2021
1/4/2024,227,8822,Honorable,3147,4578,50,58645,252,0.04,Sol,0.86,Euro,4/22/2021,6/9/2021
1/3/2024,228,5009,Rev,1548,5653,2,25501,225,0.81,Ruble,0.07,Rupiah,10/6/2021,12/13/2021
1/2/2024,229,2571,Mr,668,6697,77,6233,426,0.46,Rupiah,0.97,Euro,10/29/2021,2/8/2021
1/3/2024,230,9753,Rev,445,7950,60,74085,250,0.39,Birr,0.28,Peso,4/18/2021,7/23/2021
1/4/2024,231,698,Mrs,3595,939,14,34315,489,0.54,Peso,0.81,Rupiah,6/4/2021,1/4/2021
1/4/2024,232,5124,Mrs,804,587,68,91114,260,0.93,Euro,0.98,Rupiah,4/30/2021,4/12/2021
1/2/2024,233,7317,Honorable,491,8566,99,86659,372,0.71,Litas,0.5,Dong,11/11/2021,11/22/2021
1/4/2024,234,5929,Mr,347,4899,46,33413,349,0.95,Yuan Renminbi,0.18,Yuan Renminbi,12/11/2021,1/18/2021
1/2/2024,235,4835,Mr,2505,1162,65,17999,412,0.28,Euro,0.84,Krona,12/11/2021,12/19/2021
1/1/2024,236,1318,Mrs,974,6338,46,51928,366,0.88,Yuan Renminbi,0.08,Yuan Renminbi,1/31/2021,10/11/2021
1/2/2024,237,8939,Mrs,2103,7605,12,48322,445,0.1,Yuan Renminbi,0.38,Afghani,8/17/2021,2/28/2021
1/1/2024,238,7401,Ms,2110,6789,91,38447,425,0.29,Yen,0.35,Yen,11/24/2021,5/7/2021
1/4/2024,239,1164,Ms,2675,6588,67,498,235,0.69,Yuan Renminbi,0.4,Dollar,6/8/2021,11/29/2021
1/1/2024,240,9788,Mrs,1607,2268,65,90928,474,0.51,Dollar,0.49,Tugrik,1/15/2021,12/8/2021
1/2/2024,241,3322,Ms,2176,7569,80,39206,281,0.64,Peso,0.59,Kuna,6/8/2021,11/30/2021
1/1/2024,242,8916,Dr,249,9384,10,49033,423,0.97,Yuan Renminbi,0.65,Yen,7/17/2021,4/10/2021
1/2/2024,243,4829,Rev,3136,6762,55,59237,453,0.12,Yuan Renminbi,0.21,Rupiah,3/30/2021,9/15/2021
1/4/2024,244,9897,Mr,2056,6392,27,65767,365,0.62,Rupiah,0.53,Ruble,12/4/2021,10/9/2021
1/1/2024,245,2008,Honorable,3152,8544,18,45246,377,0.08,Peso,0.33,Lempira,1/9/2021,1/2/2021
1/2/2024,246,7602,Ms,1575,9591,7,27104,350,0.0,Peso,0.02,Peso,8/15/2021,2/11/2021
1/4/2024,247,7677,Mrs,1600,4636,77,6747,347,0.12,Real,0.58,Rupiah,5/13/2021,3/24/2021
1/3/2024,248,5153,Rev,1360,467,24,81853,415,0.67,Peso,0.57,Peso,12/1/2021,3/10/2021
1/3/2024,249,3424,Honorable,1872,4730,4,21423,300,0.84,Yuan Renminbi,0.6,Zloty,9/10/2021,10/9/2021
1/1/2024,250,9340,Honorable,1643,193,29,36576,272,0.56,Krone,0.87,Franc,11/8/2021,4/8/2021
1/4/2024,251,614,Mr,632,6762,76,92164,457,0.8,Rupiah,0.17,Lek,3/22/2021,2/27/2021
1/4/2024,252,3328,Rev,344,6229,62,72757,355,0.47,Rupiah,0.69,Ruble,7/9/2021,9/3/2021
1/3/2024,253,3296,Dr,968,7629,43,71081,283,0.36,Yen,0.41,Ruble,2/18/2021,9/7/2021
1/3/2024,254,5016,Honorable,934,882,10,51796,368,0.55,Guilder,0.78,Yuan Renminbi,3/3/2021,2/8/2021
1/2/2024,255,5707,Honorable,2782,4742,20,77040,271,0.96,Rupiah,0.26,Yuan Renminbi,4/27/2021,4/9/2021
1/4/2024,256,7239,Honorable,1336,1914,45,24627,322,0.13,Peso,0.28,Yuan Renminbi,3/31/2021,4/21/2021
1/1/2024,257,6535,Dr,3909,7771,7,29124,340,0.01,Rupiah,0.52,Peso,9/24/2021,6/27/2021
1/4/2024,258,565,Rev,3935,3627,29,70521,339,0.75,Yuan Renminbi,0.78,Ruble,12/26/2021,4/15/2021
1/3/2024,259,7030,Ms,1013,4288,25,79395,346,0.29,Naira,0.52,Yuan Renminbi,8/18/2021,6/22/2021
1/1/2024,260,7822,Mrs,1519,7506,34,91287,414,0.34,Afghani,0.34,Yen,3/15/2021,8/10/2021
1/1/2024,261,2075,Honorable,1557,5496,43,59029,320,0.39,Rupiah,0.65,Real,10/24/2021,12/22/2021
1/3/2024,262,9796,Rev,2720,8475,21,39990,342,0.08,Euro,0.89,Zloty,8/17/2021,1/24/2021
1/4/2024,263,576,Dr,3694,7874,86,24119,310,0.41,Ruble,0.77,Rupiah,10/28/2021,12/14/2021
1/2/2024,264,6465,Honorable,2613,168,13,12752,417,0.27,Yuan Renminbi,0.91,Rupiah,8/9/2021,7/30/2021
1/1/2024,265,4861,Dr,979,6256,90,63326,220,0.38,Euro,0.83,Shilling,9/5/2021,6/17/2021
1/3/2024,266,3073,Ms,2348,2711,98,60668,299,0.14,Koruna,0.23,Rupiah,11/14/2021,10/22/2021
1/4/2024,267,4486,Mr,2135,6853,47,87160,296,0.55,Koruna,0.58,Ruble,1/3/2021,3/6/2021
1/2/2024,268,6950,Ms,2007,820,76,19339,451,0.0,Yuan Renminbi,0.96,Sol,1/15/2021,9/10/2021
1/3/2024,269,6909,Dr,1766,8374,21,76204,439,0.41,Ringgit,0.07,Pound,4/15/2021,5/14/2021
1/4/2024,270,1775,Ms,1284,4481,16,12303,411,0.06,Dollar,0.37,Yuan Renminbi,5/2/2021,5/11/2021
1/3/2024,271,8701,Rev,3875,1593,70,36153,338,0.3,Peso,0.65,Rupiah,5/25/2021,8/17/2021
1/1/2024,272,7084,Rev,2247,8091,89,66949,316,0.03,Euro,0.82,Baht,3/11/2021,8/10/2021
1/1/2024,273,1199,Dr,2277,8366,4,90067,307,0.28,Yuan Renminbi,0.29,Yuan Renminbi,10/3/2021,6/11/2021
1/3/2024,274,6084,Honorable,819,6745,76,6886,464,0.76,Yuan Renminbi,0.56,Hryvnia,3/23/2021,2/3/2021
1/4/2024,275,8909,Ms,1853,3884,43,98960,374,0.99,Real,0.95,Rupee,6/28/2021,4/18/2021
1/1/2024,276,4227,Rev,784,3475,31,464,468,0.23,Litas,0.46,Real,8/11/2021,8/29/2021
1/3/2024,277,4443,Honorable,3907,6423,10,26129,385,0.04,Won,0.12,Won,11/19/2021,11/13/2021
1/4/2024,278,6567,Dr,1182,4403,97,7430,480,0.36,Yuan Renminbi,0.75,Rupiah,7/15/2021,12/20/2021
1/4/2024,279,5002,Mrs,1427,7,19,75273,300,0.6,Rupiah,0.5,Peso,8/1/2021,12/28/2021
1/3/2024,280,9057,Mrs,1116,4959,81,63426,214,0.04,Euro,0.94,Peso,3/10/2021,7/8/2021
1/4/2024,281,7834,Rev,3601,4355,43,5862,286,0.18,Zloty,0.31,Peso,5/29/2021,9/30/2021
1/1/2024,282,7361,Rev,806,1535,80,55484,205,0.34,Dirham,0.3,Peso,9/18/2021,10/17/2021
1/4/2024,283,5952,Mrs,3070,3810,67,28449,408,0.22,Peso,0.63,Peso,5/1/2021,4/21/2021
1/1/2024,284,7509,Dr,376,9326,47,38786,287,0.94,Yuan Renminbi,0.09,Ringgit,11/10/2021,5/22/2021
1/4/2024,285,4332,Honorable,453,9209,13,42837,400,0.59,Euro,0.61,Yuan Renminbi,9/27/2021,3/24/2021
1/4/2024,286,3139,Mrs,568,1955,80,64228,354,0.49,Zloty,0.58,Krone,4/2/2021,1/8/2021
1/4/2024,287,7237,Ms,757,4245,78,68565,240,0.69,Peso,0.28,Rial,9/12/2021,8/3/2021
1/1/2024,288,9053,Mr,2674,4133,29,18963,350,0.31,Ruble,0.83,Euro,11/1/2021,3/22/2021
1/3/2024,289,1267,Rev,1724,4928,24,92865,354,0.66,Rupiah,0.95,Yuan Renminbi,5/1/2021,4/5/2021
1/2/2024,290,9688,Rev,1895,3583,58,76895,246,0.24,Hryvnia,0.31,Real,4/6/2021,3/27/2021
1/1/2024,291,4591,Mrs,2653,8794,55,25274,247,0.51,Euro,0.08,Yuan Renminbi,5/7/2021,12/7/2021
1/4/2024,292,1865,Dr,3193,1006,9,64623,326,0.11,Peso,0.16,Ruble,9/2/2021,4/17/2021
1/1/2024,293,6958,Mrs,1587,4760,75,53163,398,0.78,Yuan Renminbi,0.45,Ruble,4/17/2021,7/26/2021
1/2/2024,294,1693,Dr,971,6365,4,10403,209,0.65,Yuan Renminbi,0.06,Baht,10/20/2021,11/6/2021
1/3/2024,295,9425,Ms,387,4012,79,51626,305,0.8,Real,0.78,Peso,4/5/2021,3/27/2021
1/4/2024,296,9938,Ms,1540,4041,44,12054,364,0.84,Yen,0.72,Koruna,9/2/2021,10/26/2021
1/2/2024,297,7343,Ms,2083,1681,45,51600,265,0.39,Dollar,0.43,Tugrik,10/13/2021,4/6/2021
1/1/2024,298,2426,Mr,3512,7359,13,87077,351,0.52,Real,0.22,Real,11/24/2021,12/12/2021
1/3/2024,299,6501,Dr,1132,1560,63,13407,440,0.74,Peso,0.27,Sol,8/31/2021,6/15/2021
1/4/2024,300,3528,Ms,1983,5506,68,56454,365,0.11,Ruble,0.68,Rial,10/22/2021,4/29/2021
1/2/2024,301,9932,Rev,402,4384,94,11928,494,0.41,Yuan Renminbi,0.03,Euro,11/30/2021,3/14/2021
1/4/2024,302,9614,Ms,1038,6721,23,26759,410,0.95,Ruble,0.13,Yuan Renminbi,9/30/2021,8/7/2021
1/2/2024,303,1675,Honorable,846,8504,19,76328,424,0.24,Peso,0.32,Peso,8/5/2021,10/6/2021
1/1/2024,304,3916,Ms,3012,9393,90,14366,377,0.09,Yuan Renminbi,0.63,Rupiah,9/19/2021,8/17/2021
1/3/2024,305,7164,Ms,1699,9272,60,49560,421,0.64,Yuan Renminbi,0.95,Peso,7/18/2021,8/15/2021
1/4/2024,306,1026,Mr,2575,1792,77,5814,494,0.76,Krona,0.33,Peso,5/9/2021,7/18/2021
1/1/2024,307,902,Honorable,1747,6350,57,83292,470,0.87,Yuan Renminbi,0.17,Rupiah,4/23/2021,12/30/2021
1/2/2024,308,2198,Dr,2835,3249,78,8421,479,0.44,Marka,0.22,Yuan Renminbi,1/8/2021,7/24/2021
1/3/2024,309,8427,Dr,1093,2415,71,90737,256,0.22,Zloty,0.44,Peso,11/3/2021,11/17/2021
1/3/2024,310,8048,Ms,314,9103,1,36152,339,0.22,Sol,0.18,Baht,1/10/2021,9/11/2021
1/1/2024,311,5525,Honorable,1728,5642,4,34175,284,0.29,Euro,0.63,Yuan Renminbi,4/3/2021,8/14/2021
1/3/2024,312,6936,Mrs,2494,8322,23,13684,386,0.32,Rand,0.96,Dong,6/1/2021,11/10/2021
1/1/2024,313,7867,Rev,2432,3563,94,13842,350,0.49,Ariary,0.17,Tugrik,10/10/2021,11/27/2021
1/1/2024,314,1784,Honorable,260,3026,94,10732,241,0.58,Yuan Renminbi,0.63,Yuan Renminbi,5/18/2021,2/17/2021
1/1/2024,315,6449,Mrs,903,7356,83,32796,443,0.22,Peso,0.36,Yen,8/8/2021,10/8/2021
1/3/2024,316,5904,Ms,620,7790,70,55274,415,0.04,Hryvnia,0.53,Yuan Renminbi,12/20/2021,8/31/2021
1/4/2024,317,5040,Ms,1971,1071,10,11746,481,0.81,Euro,0.34,Dollar,1/5/2021,10/2/2021
1/4/2024,318,8540,Dr,2772,8371,9,48092,499,0.16,Zloty,0.58,Peso,5/7/2021,4/8/2021
1/3/2024,319,6752,Mrs,2287,1046,1,71089,320,0.63,Rupiah,0.98,Baht,2/25/2021,12/8/2021
1/3/2024,320,1216,Rev,1065,4718,28,74316,337,0.51,Sol,0.97,Yuan Renminbi,12/16/2021,2/3/2021
1/2/2024,321,6918,Rev,2312,8871,89,31809,427,0.42,Real,0.85,Euro,3/16/2021,12/14/2021
1/2/2024,322,5883,Mr,2301,6290,3,92530,305,0.8,Euro,0.64,Yuan Renminbi,4/15/2021,3/30/2021
1/1/2024,323,9882,Rev,2760,3241,64,14313,240,0.88,Sol,0.39,Peso,4/26/2021,1/13/2021
1/1/2024,324,4190,Dr,549,582,33,14864,263,0.5,Rupee,0.64,Euro,5/14/2021,6/13/2021
1/2/2024,325,7984,Ms,3166,606,97,15380,286,0.78,Rupiah,0.11,Rupiah,4/4/2021,10/24/2021
1/2/2024,326,7462,Honorable,683,8552,44,23976,488,0.65,Rupee,0.51,Krona,7/15/2021,1/24/2021
1/2/2024,327,501,Rev,2611,6627,9,31685,260,0.91,Sol,0.2,Peso,6/9/2021,11/24/2021
1/2/2024,328,7348,Mrs,1489,4074,96,60877,461,0.3,Rupiah,0.43,Peso,7/4/2021,9/24/2021
1/4/2024,329,3770,Dr,2051,4841,67,1895,261,0.11,Birr,0.56,Yuan Renminbi,9/9/2021,9/29/2021
1/1/2024,330,3616,Rev,3128,2771,43,56913,284,0.97,Zloty,0.63,Dollar,11/22/2021,3/4/2021
1/3/2024,331,2968,Rev,3445,2471,72,23215,331,0.52,Yuan Renminbi,0.68,Balboa,1/4/2021,10/16/2021
1/3/2024,332,7964,Ms,218,7479,96,66633,342,0.03,Rupiah,0.52,Naira,4/22/2021,6/15/2021
1/3/2024,333,4224,Mrs,1073,4078,55,8069,307,0.01,Manat,0.71,Dollar,11/26/2021,2/2/2021
1/3/2024,334,6831,Rev,3146,5398,43,31448,426,0.49,Yuan Renminbi,0.09,Colon,8/18/2021,3/8/2021
1/1/2024,335,8684,Ms,2871,7468,45,94163,354,0.75,Lek,0.12,Rupiah,8/17/2021,12/14/2021
1/4/2024,336,4858,Rev,2822,2377,34,26875,404,0.33,Euro,0.84,Yuan Renminbi,9/12/2021,5/25/2021
1/3/2024,337,8298,Mr,1418,4850,49,55103,267,0.08,Rupiah,0.74,Rand,11/4/2021,3/27/2021
1/3/2024,338,8684,Ms,635,5153,59,31355,210,0.28,Ruble,0.85,Ruble,11/5/2021,11/5/2021
1/3/2024,339,1957,Mrs,2752,2999,53,75880,425,0.12,Hryvnia,0.68,Real,1/31/2021,11/11/2021
1/2/2024,340,4579,Ms,3679,3802,97,15056,285,0.48,Baht,0.59,Peso,2/6/2021,8/16/2021
1/4/2024,341,2472,Rev,565,7225,4,81233,291,0.71,Dollar,0.1,Yen,10/22/2021,1/12/2021
1/1/2024,342,506,Ms,1250,6248,83,26100,316,0.23,Yuan Renminbi,0.61,Yuan Renminbi,6/25/2021,5/10/2021
1/1/2024,343,772,Mrs,1192,5147,78,45974,272,0.98,Naira,0.06,Zloty,8/28/2021,1/1/2021
1/1/2024,344,1692,Ms,3164,5840,51,68157,455,0.66,Peso,0.82,Euro,6/20/2021,4/29/2021
1/3/2024,345,3908,Mr,3772,6753,0,43217,440,0.11,Dinar,0.81,Dollar,6/25/2021,4/10/2021
1/4/2024,346,3557,Dr,3291,7245,2,21657,402,0.22,Peso,0.78,Rupiah,1/16/2021,5/1/2021
1/3/2024,347,1365,Rev,2993,9286,79,56283,460,0.63,Dong,0.38,Euro,11/12/2021,1/7/2021
1/4/2024,348,8448,Ms,3167,8095,36,50258,275,0.14,Krona,0.86,Sol,5/3/2021,3/7/2021
1/3/2024,349,3636,Ms,320,4285,37,89077,474,0.07,Won,0.1,Dirham,5/6/2021,1/11/2021
1/3/2024,350,958,Ms,2173,7879,28,5233,261,0.04,Euro,0.47,Rupiah,2/4/2021,3/24/2021
1/3/2024,351,5931,Mr,987,2178,70,27024,305,0.73,Peso,0.77,Kwacha,7/25/2021,3/8/2021
1/4/2024,352,1170,Mr,3334,6116,88,3617,227,0.62,Euro,0.24,Rupiah,3/27/2021,10/4/2021
1/2/2024,353,2447,Ms,228,5339,84,7341,266,0.11,Baht,0.59,Ruble,12/27/2021,8/7/2021
1/4/2024,354,3122,Rev,573,3364,78,82469,268,0.53,Lev,0.86,Baht,10/26/2021,5/23/2021
1/1/2024,355,1189,Dr,773,4034,76,90961,369,0.65,Zloty,0.53,Real,7/17/2021,7/30/2021
1/1/2024,356,5072,Mr,1640,1648,12,28125,351,0.64,Dollar,0.82,Ruble,12/28/2021,1/9/2021
1/2/2024,357,1927,Dr,2082,8255,60,71653,365,0.28,Yuan Renminbi,0.99,Peso,6/2/2021,9/29/2021
1/1/2024,358,8329,Dr,2904,4743,31,616,495,0.56,Yuan Renminbi,0.3,Peso,6/30/2021,6/28/2021
1/2/2024,359,9833,Mr,2236,7232,62,16365,292,0.14,Rupiah,0.77,Som,1/7/2021,10/11/2021
1/4/2024,360,3213,Dr,3965,1344,63,66866,434,0.8,Taka,0.35,Yen,7/6/2021,4/29/2021
1/2/2024,361,1336,Mr,2770,8078,99,7702,407,0.83,Franc,0.78,Kuna,5/20/2021,2/3/2021
1/3/2024,362,7881,Honorable,2623,7085,38,71480,289,0.63,Lek,0.95,Euro,12/15/2021,10/24/2021
1/4/2024,363,7956,Ms,1995,9947,18,30897,255,0.66,Sol,0.01,Zloty,3/23/2021,7/27/2021
1/1/2024,364,708,Dr,1882,3549,42,27025,459,0.62,Yuan Renminbi,0.02,Euro,6/16/2021,9/6/2021
1/4/2024,365,1780,Dr,506,5517,34,46819,450,0.16,Kyat,0.36,Franc,7/13/2021,3/7/2021
1/3/2024,366,8700,Ms,302,6130,7,70991,255,0.9,Dong,0.59,Yuan Renminbi,11/4/2021,10/22/2021
1/2/2024,367,4264,Honorable,3740,2716,28,43461,463,0.68,Ruble,0.72,Yen,7/26/2021,1/11/2021
1/3/2024,368,5581,Dr,2248,439,78,60603,381,0.43,Yen,0.6,Yuan Renminbi,9/10/2021,4/1/2021
1/1/2024,369,4093,Mr,1064,4210,91,26322,302,0.25,Yuan Renminbi,0.41,Real,12/29/2021,6/26/2021
1/3/2024,370,2555,Ms,2764,2627,91,75287,235,0.03,Dollar,0.29,Rupiah,11/4/2021,12/23/2021
1/1/2024,371,7873,Honorable,1691,2165,67,8791,358,0.53,Rupiah,0.8,Shilling,3/5/2021,5/22/2021
1/3/2024,372,7126,Dr,3265,9878,69,49982,321,0.25,Euro,0.71,Yuan Renminbi,4/18/2021,12/17/2021
1/4/2024,373,4903,Mrs,2653,8242,43,8994,290,0.94,Yuan Renminbi,0.33,Yen,7/16/2021,8/17/2021
1/2/2024,374,3985,Mrs,3153,1284,45,88246,328,0.87,Yuan Renminbi,0.68,Ruble,6/7/2021,6/6/2021
1/1/2024,375,4750,Dr,940,6681,41,31234,400,0.95,Ruble,0.94,Ruble,2/4/2021,5/29/2021
1/4/2024,376,4397,Dr,390,7652,29,55013,478,0.21,Peso,0.68,Zloty,10/28/2021,4/8/2021
1/3/2024,377,8943,Dr,1560,6409,70,69230,280,0.6,Afghani,0.82,Kuna,2/28/2021,3/9/2021
1/4/2024,378,8222,Honorable,429,1998,18,24872,441,0.77,Ruble,0.71,Euro,5/19/2021,11/22/2021
1/1/2024,379,9421,Dr,2848,3219,41,29274,234,0.36,Rupiah,0.99,Ruble,4/28/2021,4/24/2021
1/1/2024,380,4421,Dr,3525,987,96,86247,223,0.42,Rupiah,0.01,Yen,3/18/2021,12/25/2021
1/2/2024,381,6713,Rev,930,1509,71,65412,419,0.97,Quetzal,0.38,Rupiah,10/16/2021,9/9/2021
1/3/2024,382,7035,Mr,1677,5733,48,41348,217,0.45,Yuan Renminbi,0.43,Naira,12/26/2021,7/31/2021
1/2/2024,383,9160,Mr,1586,7075,70,31768,206,0.65,Dollar,0.37,Lek,3/3/2021,2/17/2021
1/4/2024,384,4194,Mrs,1477,7813,43,70619,384,0.76,Shekel,0.45,Yuan Renminbi,2/16/2021,4/25/2021
1/2/2024,385,8972,Dr,1683,3336,45,45941,384,0.66,Zloty,0.04,Euro,6/30/2021,2/22/2021
1/1/2024,386,7470,Ms,767,6996,24,1503,484,0.2,Peso,0.24,Rupiah,7/7/2021,4/9/2021
1/4/2024,387,6118,Honorable,1446,5448,6,67526,424,0.06,Hryvnia,0.82,Yuan Renminbi,4/5/2021,7/2/2021
1/1/2024,388,6817,Mr,2142,4704,2,6053,364,0.54,Rupiah,0.6,Yuan Renminbi,2/18/2021,10/18/2021
1/1/2024,389,4870,Mrs,2967,4460,33,14624,402,0.22,Zloty,0.45,Krona,10/18/2021,1/9/2021
1/2/2024,390,9805,Rev,3313,7212,76,47431,319,0.01,Ruble,0.48,Rupiah,4/17/2021,4/26/2021
1/3/2024,391,4372,Mr,3623,1817,93,44648,207,0.15,Ruble,0.84,Ruble,10/13/2021,10/22/2021
1/1/2024,392,7391,Rev,1367,3817,67,5509,479,0.95,Peso,0.63,Franc,2/7/2021,12/21/2021
1/1/2024,393,7487,Dr,1957,4710,75,99911,421,0.78,Ruble,0.32,Ruble,11/26/2021,12/20/2021
1/3/2024,394,7087,Dr,3636,1543,98,625,349,0.94,Pound,0.01,Real,9/15/2021,7/24/2021
1/4/2024,395,830,Rev,1747,5305,72,24803,270,0.56,Krone,0.0,Kyat,11/19/2021,2/1/2021
1/2/2024,396,6891,Mrs,3983,3414,3,81321,436,0.8,Rupiah,0.39,Hryvnia,9/12/2021,4/28/2021
1/1/2024,397,9388,Mr,1227,3946,13,33913,412,0.94,Koruna,0.13,Yuan Renminbi,2/25/2021,5/14/2021
1/1/2024,398,1185,Dr,2192,2299,75,2346,243,0.56,Lev,0.01,Yuan Renminbi,1/4/2021,1/25/2021
1/4/2024,399,866,Rev,3585,1657,42,46789,421,0.6,Ruble,0.89,Yuan Renminbi,5/13/2021,2/26/2021
1/4/2024,400,9100,Honorable,3630,7733,42,71296,476,0.07,Dollar,0.45,Tenge,12/30/2021,9/1/2021
1/4/2024,401,2804,Mrs,3465,4076,54,52089,211,0.59,Euro,0.86,Krone,12/14/2021,6/2/2021
1/2/2024,402,1200,Mrs,1680,2474,23,8350,269,0.25,Ruble,0.93,Yuan Renminbi,2/11/2021,4/6/2021
1/1/2024,403,1473,Mrs,3754,9934,17,21872,243,0.37,Ruble,0.85,Bolivar,6/22/2021,4/10/2021
1/4/2024,404,811,Ms,758,5515,53,4299,270,0.78,Peso,0.06,Dollar,3/4/2021,1/29/2021
1/1/2024,405,4823,Mr,2843,9911,12,67726,396,0.93,Euro,0.44,Yuan Renminbi,1/15/2021,1/25/2021
1/4/2024,406,6879,Mrs,2261,1772,25,22660,397,0.26,Yuan Renminbi,0.82,Ruble,2/10/2021,9/7/2021
1/4/2024,407,6650,Ms,1231,2611,94,77674,416,0.95,Euro,0.73,Afghani,7/2/2021,6/11/2021
1/1/2024,408,4193,Mrs,901,6606,61,24686,201,0.64,Rial,0.1,Real,3/4/2021,8/14/2021
1/3/2024,409,6773,Dr,3955,4420,53,50756,258,0.35,Zloty,0.71,Peso,2/24/2021,1/31/2021
1/2/2024,410,1358,Rev,3964,6575,66,16858,431,0.11,Rupiah,0.54,Ruble,7/9/2021,8/22/2021
1/2/2024,411,1323,Mr,2014,4498,18,28909,419,0.96,Euro,0.02,Ruble,2/9/2021,11/28/2021
1/2/2024,412,8180,Mr,2158,1720,44,27364,223,0.42,Zloty,0.71,Yuan Renminbi,9/16/2021,10/12/2021
1/3/2024,413,8135,Rev,2188,332,73,35559,254,0.35,Real,0.24,Franc,10/26/2021,5/24/2021
1/3/2024,414,8998,Ms,2872,9394,81,70786,265,0.42,Peso,0.81,Rupiah,5/10/2021,5/24/2021
1/3/2024,415,2015,Mrs,973,1647,19,90887,461,0.63,Hryvnia,0.75,Rupiah,5/29/2021,12/15/2021
1/2/2024,416,8478,Mrs,1012,6600,77,72404,336,0.33,Rupiah,0.42,Tenge,1/16/2021,3/29/2021
1/3/2024,417,9255,Ms,362,4449,79,88753,313,0.41,Peso,0.89,Baht,5/18/2021,11/24/2021
1/1/2024,418,1591,Mr,1878,7898,16,57888,431,0.81,Euro,0.69,Dollar,9/27/2021,11/2/2021
1/4/2024,419,2492,Honorable,303,1567,63,45400,464,0.03,Euro,0.25,Rupiah,12/10/2021,5/2/2021
1/1/2024,420,6310,Dr,3614,8833,93,13878,401,0.08,Ariary,0.13,Euro,4/29/2021,12/23/2021
1/1/2024,421,8050,Dr,1189,3643,27,62874,389,0.06,Dollar,0.36,Naira,8/10/2021,5/11/2021
1/1/2024,422,7513,Honorable,2620,6603,95,24276,298,0.54,Yuan Renminbi,0.09,Yuan Renminbi,3/8/2021,5/23/2021
1/3/2024,423,3831,Ms,2099,4528,88,16320,299,0.74,Ruble,0.61,Ruble,12/14/2021,3/5/2021
1/4/2024,424,1236,Rev,2834,5583,57,73152,415,0.38,Zloty,0.97,Euro,3/2/2021,6/13/2021
1/1/2024,425,8143,Rev,3321,2020,75,62594,276,0.05,Rupiah,0.01,Yuan Renminbi,6/16/2021,12/13/2021
1/2/2024,426,1547,Honorable,2018,4939,32,19891,344,0.33,Yuan Renminbi,0.77,Dollar,12/25/2021,12/18/2021
1/1/2024,427,2252,Honorable,1241,4159,75,53415,376,0.9,Peso,0.01,Baht,3/21/2021,4/15/2021
1/1/2024,428,8417,Dr,2465,6248,23,26799,418,0.96,Leu,0.02,Yuan Renminbi,11/4/2021,12/19/2021
1/3/2024,429,8499,Mrs,2474,9046,44,83228,201,0.85,Yuan Renminbi,0.83,Peso,9/30/2021,1/15/2021
1/2/2024,430,6065,Honorable,692,8253,100,3038,409,0.15,Peso,0.7,Sol,11/30/2021,11/8/2021
1/2/2024,431,5679,Dr,2788,2533,55,72255,252,0.58,Real,0.29,Pound,9/27/2021,1/13/2021
1/1/2024,432,8298,Dr,2153,985,74,48064,478,0.84,Euro,0.6,Rupiah,3/21/2021,8/13/2021
1/1/2024,433,4735,Mrs,2648,5067,13,76152,269,0.89,Rupiah,0.54,Rupee,11/10/2021,8/14/2021
1/3/2024,434,4541,Mr,373,4040,56,47606,405,0.23,Yuan Renminbi,0.85,Peso,9/17/2021,4/10/2021
1/2/2024,435,1138,Mr,1349,843,16,13092,290,0.48,Yuan Renminbi,0.74,Peso,7/1/2021,1/9/2021
1/2/2024,436,6530,Dr,2043,1236,81,74804,452,0.53,Dollar,0.56,Krone,7/5/2021,6/25/2021
1/3/2024,437,7090,Honorable,3882,6635,43,21744,277,0.92,Euro,0.4,Yuan Renminbi,4/13/2021,5/30/2021
1/3/2024,438,1304,Honorable,390,4186,33,62460,212,0.71,Birr,0.92,Lek,3/28/2021,4/19/2021
1/1/2024,439,729,Rev,488,1452,33,78860,305,0.66,Yuan Renminbi,0.5,Euro,9/11/2021,10/12/2021
1/2/2024,440,3049,Mrs,1606,4283,100,78285,477,0.07,Manat,0.04,Yen,1/20/2021,8/14/2021
1/3/2024,441,826,Mr,1799,2975,63,41945,387,0.67,Zloty,0.46,Pound,2/10/2021,3/15/2021
1/1/2024,442,7650,Rev,3358,5681,23,29925,482,0.95,Cordoba,0.1,Euro,8/11/2021,3/25/2021
1/1/2024,443,9906,Mr,2859,6637,25,76818,393,0.18,Peso,0.23,Rial,1/22/2021,8/1/2021
1/2/2024,444,4228,Dr,3114,9058,68,90660,272,0.03,Rupiah,0.79,Yen,11/18/2021,12/14/2021
1/4/2024,445,6232,Ms,233,6636,71,86359,374,0.17,Yen,0.18,Rupiah,5/30/2021,12/6/2021
1/1/2024,446,9571,Dr,970,2787,95,95137,456,0.5,Ruble,0.92,Krona,11/19/2021,2/13/2021
1/3/2024,447,2907,Rev,3367,4354,75,71965,354,0.5,Rupiah,0.4,Peso,11/1/2021,8/19/2021
1/3/2024,448,3376,Mrs,734,774,56,54866,414,0.62,Peso,0.94,Yuan Renminbi,12/21/2021,11/6/2021
1/2/2024,449,8048,Mr,366,8236,44,5253,352,0.43,Yuan Renminbi,0.45,Yuan Renminbi,11/18/2021,9/24/2021
1/3/2024,450,5147,Mrs,539,4160,96,80896,400,0.65,Yuan Renminbi,0.51,Euro,11/7/2021,8/20/2021
1/2/2024,451,3283,Mr,3115,4831,3,92208,377,0.17,Real,0.69,Yuan Renminbi,9/12/2021,8/19/2021
1/2/2024,452,3339,Dr,3874,2476,23,64640,200,0.97,Peso,0.01,Peso,4/25/2021,5/16/2021
1/4/2024,453,6415,Ms,3504,2755,2,33909,397,0.87,Zloty,0.72,Franc,6/9/2021,10/14/2021
1/3/2024,454,3308,Rev,2521,9387,29,96324,479,0.78,Dinar,0.76,Dollar,8/15/2021,6/21/2021
1/1/2024,455,3911,Ms,841,6241,6,1641,442,0.16,Rupiah,0.78,Dollar,9/19/2021,11/13/2021
1/2/2024,456,2720,Dr,2919,2646,78,62219,436,0.44,Krone,0.01,Rupiah,7/13/2021,6/17/2021
1/4/2024,457,2392,Dr,1876,1507,60,60175,205,0.76,Peso,0.14,Rupiah,8/22/2021,11/23/2021
1/3/2024,458,5243,Mr,1840,8734,7,74647,200,0.62,Krona,0.93,Lempira,9/29/2021,4/16/2021
1/2/2024,459,3646,Ms,3916,4078,59,59928,273,0.55,Baht,0.58,Ruble,5/29/2021,2/14/2021
1/1/2024,460,8140,Rev,3084,9027,86,41556,459,0.01,Rupee,0.16,Dollar,12/13/2021,9/21/2021
1/2/2024,461,9362,Mr,1515,8468,49,72863,232,0.82,Dinar,0.57,Rupiah,1/24/2021,1/7/2021
1/2/2024,462,3429,Mrs,3338,7542,30,45398,283,0.17,Baht,0.6,Dollar,1/14/2021,9/22/2021
1/3/2024,463,2445,Mr,3691,5481,78,66948,381,0.31,Yuan Renminbi,0.36,Lek,9/25/2021,8/16/2021
1/3/2024,464,6696,Dr,2596,3949,67,22394,315,0.44,Yen,0.7,Zloty,11/17/2021,4/1/2021
1/2/2024,465,1655,Dr,3248,6174,81,96271,229,0.09,Real,0.29,Euro,9/26/2021,9/21/2021
1/3/2024,466,6504,Dr,694,217,68,98492,259,0.13,Yuan Renminbi,0.16,Rupiah,2/8/2021,2/25/2021
1/4/2024,467,5821,Mr,3796,7520,89,25392,283,0.63,Naira,0.19,Lev,7/9/2021,2/25/2021
1/2/2024,468,9360,Mrs,2323,4694,49,48570,412,0.66,Rupiah,0.04,Yuan Renminbi,2/3/2021,4/3/2021
1/2/2024,469,7919,Mr,2051,3065,23,44500,444,0.28,Yuan Renminbi,0.37,Cedi,6/28/2021,5/17/2021
1/2/2024,470,6110,Honorable,1400,8855,100,85029,366,0.78,Zloty,0.28,Euro,7/25/2021,6/21/2021
1/3/2024,471,9349,Dr,2011,6297,54,65579,472,0.55,Hryvnia,0.54,Ruble,11/3/2021,12/21/2021
1/1/2024,472,2827,Ms,333,4320,1,5802,321,0.24,Yen,0.05,Rupiah,8/20/2021,10/1/2021
1/4/2024,473,9339,Mr,1278,9443,45,15920,301,0.83,Yen,0.97,Peso,6/23/2021,10/18/2021
1/3/2024,474,3842,Rev,2509,7135,76,62073,273,0.56,Euro,0.72,Yuan Renminbi,6/2/2021,1/27/2021
1/2/2024,475,2274,Rev,3118,5604,30,90697,482,0.26,Sol,0.89,Rupiah,12/7/2021,3/28/2021
1/1/2024,476,1875,Mr,3760,5054,6,4374,289,0.35,Peso,0.88,Ariary,8/29/2021,7/20/2021
1/1/2024,477,7612,Ms,3072,6150,89,90674,448,0.62,Krona,0.47,Peso,8/19/2021,1/23/2021
1/2/2024,478,6520,Ms,2303,3982,86,32139,332,0.0,Naira,0.51,Euro,9/28/2021,6/16/2021
1/3/2024,479,5252,Rev,2699,3129,55,50788,455,0.35,Peso,0.61,Pound,12/9/2021,5/4/2021
1/2/2024,480,1163,Mr,401,669,53,7871,393,0.92,Rial,0.84,Sol,5/6/2021,5/17/2021
1/4/2024,481,8650,Dr,796,7167,3,91315,484,0.65,Rupiah,0.61,Peso,11/17/2021,8/31/2021
1/3/2024,482,7742,Dr,2319,5083,99,88935,211,0.82,Yuan Renminbi,0.14,Euro,3/8/2021,8/30/2021
1/3/2024,483,8430,Ms,2187,100,78,85173,489,0.93,Yuan Renminbi,0.89,Sol,9/20/2021,10/14/2021
1/4/2024,484,1248,Dr,1013,7610,26,22049,257,0.52,Rupiah,0.47,Dollar,5/3/2021,11/21/2021
1/3/2024,485,763,Dr,2770,3768,36,21705,500,0.97,Lempira,0.56,Yen,11/17/2021,4/19/2021
1/4/2024,486,3538,Ms,692,7781,63,59083,279,0.84,Peso,0.3,Rupiah,7/7/2021,2/3/2021
1/3/2024,487,861,Ms,308,4910,49,6464,203,0.42,Yuan Renminbi,0.52,Euro,1/18/2021,6/30/2021
1/4/2024,488,2228,Mr,3475,9430,95,91457,441,0.79,Rupiah,0.32,Rand,1/20/2021,10/23/2021
1/2/2024,489,1072,Mrs,2422,9042,90,76867,297,0.14,Rupiah,0.61,Forint,4/27/2021,4/4/2021
1/1/2024,490,6906,Dr,848,3539,49,31791,212,0.45,Yen,0.9,Zloty,7/25/2021,6/29/2021
1/4/2024,491,4409,Dr,951,5022,64,43525,329,0.49,Yuan Renminbi,0.57,Kuna,7/20/2021,7/4/2021
1/4/2024,492,2102,Mr,2011,8899,27,82468,431,0.45,Rupiah,0.85,Zloty,5/27/2021,1/28/2021
1/4/2024,493,2830,Honorable,1468,6618,13,74411,461,0.53,Dinar,0.81,Yuan Renminbi,8/21/2021,3/13/2021
1/3/2024,494,3779,Honorable,2273,3575,24,47665,209,0.06,Real,0.73,Ringgit,1/10/2021,6/7/2021
1/3/2024,495,9221,Mrs,978,7208,45,87736,448,0.18,Yuan Renminbi,0.22,Euro,9/22/2021,6/6/2021
1/4/2024,496,3046,Mr,587,823,38,42908,332,0.66,Dollar,0.29,Euro,12/24/2021,6/26/2021
1/4/2024,497,3787,Ms,3922,281,71,4235,370,0.84,Yuan Renminbi,0.15,Zloty,11/19/2021,5/3/2021
1/4/2024,498,8771,Mrs,3362,7543,26,69900,382,0.13,Naira,0.75,Zloty,8/23/2021,10/30/2021
1/1/2024,499,7070,Rev,3325,3661,16,51565,344,0.78,Yuan Renminbi,0.72,Hryvnia,9/24/2021,3/18/2021
1/3/2024,500,4359,Rev,1504,2784,7,92721,200,0.31,Euro,0.38,Kuna,7/24/2021,1/3/2021
1/4/2024,501,3490,Mr,2829,6278,94,59754,229,0.75,Euro,0.32,Yen,11/10/2021,7/8/2021
1/4/2024,502,2211,Honorable,1134,860,12,33881,495,0.09,Boliviano,0.12,Colon,5/12/2021,6/24/2021
1/4/2024,503,4239,Dr,1941,9028,45,28342,254,0.32,Ruble,0.3,Yuan Renminbi,1/24/2021,10/5/2021
1/3/2024,504,7191,Rev,244,3285,76,72523,216,0.66,Rupiah,0.43,Rupiah,5/3/2021,8/16/2021
1/3/2024,505,3301,Mrs,3101,2786,54,62513,442,0.06,Dong,0.02,Yuan Renminbi,6/18/2021,3/12/2021
1/2/2024,506,9608,Dr,3279,4822,94,95439,310,0.52,Ruble,0.79,Peso,5/4/2021,9/23/2021
1/2/2024,507,6965,Ms,616,5549,84,28736,277,0.01,Ruble,0.86,Yuan Renminbi,9/30/2021,8/6/2021
1/2/2024,508,5745,Mrs,270,877,96,54533,396,0.75,Dollar,0.96,Dinar,7/15/2021,12/20/2021
1/1/2024,509,3298,Mr,3496,7260,75,24714,404,0.68,Peso,0.65,Sol,10/21/2021,1/25/2021
1/4/2024,510,4958,Ms,857,3059,36,92176,256,0.1,Rand,0.78,Real,8/26/2021,9/4/2021
1/1/2024,511,7624,Mrs,2363,8669,67,62108,280,0.07,Dinar,0.35,Ruble,6/8/2021,11/23/2021
1/3/2024,512,3380,Mr,3497,1945,31,84211,256,0.31,Zloty,0.61,Ruble,3/14/2021,9/4/2021
1/3/2024,513,3071,Dr,2033,5801,21,81076,292,0.93,Yuan Renminbi,0.14,Peso,1/13/2021,9/9/2021
1/4/2024,514,3123,Honorable,255,5366,27,50015,338,0.0,Yuan Renminbi,0.63,Ruble,10/17/2021,3/22/2021
1/4/2024,515,3736,Dr,3900,3480,69,66733,297,0.45,Rupee,0.99,Rupiah,6/2/2021,9/30/2021
1/3/2024,516,2177,Ms,3755,356,59,92265,475,0.82,Yuan Renminbi,0.56,Yuan Renminbi,2/1/2021,5/24/2021
1/1/2024,517,5533,Rev,2214,320,88,30604,458,0.36,Ruble,0.41,Ruble,3/21/2021,7/1/2021
1/3/2024,518,3285,Dr,2352,749,31,6420,270,0.79,Yuan Renminbi,0.12,Koruna,11/26/2021,9/23/2021
1/1/2024,519,6753,Dr,1511,7537,71,75866,333,0.24,Yen,0.53,Naira,8/29/2021,7/12/2021
1/3/2024,520,5036,Dr,909,826,43,21909,375,0.56,Rand,0.32,Euro,12/9/2021,4/7/2021
1/1/2024,521,9398,Mr,1535,2082,71,7775,280,0.07,Dollar,0.48,Yuan Renminbi,6/1/2021,1/6/2021
1/3/2024,522,6057,Mr,2661,4945,76,3112,489,0.63,Lempira,0.22,Euro,10/5/2021,6/12/2021
1/1/2024,523,4120,Dr,1514,4505,61,23303,471,0.04,Euro,0.7,Rupiah,2/14/2021,7/15/2021
1/1/2024,524,5251,Mrs,1039,1880,55,72286,397,0.58,Ruble,0.35,Krona,4/14/2021,12/14/2021
1/1/2024,525,9249,Mrs,2900,9280,4,70491,388,0.61,Real,1.0,Yuan Renminbi,6/25/2021,10/31/2021
1/2/2024,526,5790,Honorable,824,7972,3,98100,325,0.01,Euro,0.13,Baht,7/11/2021,10/26/2021
1/3/2024,527,3470,Mrs,2589,3770,13,27738,200,0.15,Peso,0.47,Real,9/7/2021,1/23/2021
1/3/2024,528,4364,Ms,3541,8822,68,36542,412,0.3,Yuan Renminbi,0.07,Sol,4/12/2021,10/15/2021
1/2/2024,529,3887,Mrs,1773,7933,68,51647,206,0.61,Zloty,0.43,Ringgit,6/13/2021,3/2/2021
1/3/2024,530,7985,Mrs,3872,5437,2,79145,226,0.19,Shilling,0.29,Zloty,8/22/2021,1/31/2021
1/4/2024,531,9337,Rev,481,4070,10,23250,431,0.38,Peso,0.25,Dollar,6/12/2021,9/27/2021
1/2/2024,532,3818,Mrs,2658,1972,59,85944,298,0.78,Euro,0.73,Dollar,4/24/2021,10/16/2021
1/1/2024,533,9381,Mrs,3010,8873,51,97721,380,0.51,Yuan Renminbi,0.68,Shekel,6/19/2021,11/6/2021
1/4/2024,534,7066,Dr,673,1296,27,35381,307,0.53,Dollar,0.8,Dong,11/26/2021,11/26/2021
1/2/2024,535,1004,Rev,3529,6490,78,86523,221,0.73,Denar,0.08,Dollar,5/26/2021,4/13/2021
1/2/2024,536,3870,Honorable,345,6387,36,48838,246,0.02,Zloty,0.44,Guarani,2/16/2021,10/13/2021
1/4/2024,537,4069,Honorable,2083,3701,41,52026,316,0.28,Krona,0.61,Zloty,4/13/2021,4/9/2021
1/3/2024,538,853,Mr,2067,716,59,99491,367,0.27,Koruna,0.2,Real,1/18/2021,10/19/2021
1/3/2024,539,9576,Honorable,2995,7244,48,54631,383,0.34,Tugrik,0.72,Euro,5/30/2021,12/24/2021
1/1/2024,540,6457,Dr,774,798,8,43209,492,0.16,Franc,0.06,Yuan Renminbi,9/12/2021,5/8/2021
1/3/2024,541,2789,Dr,245,3580,71,98255,435,0.5,Euro,0.48,Krona,12/28/2021,4/10/2021
1/4/2024,542,3016,Mr,217,5773,75,99783,288,0.33,Dollar,0.49,Real,11/21/2021,10/27/2021
1/4/2024,543,3155,Dr,566,1485,37,80043,212,0.52,Yuan Renminbi,0.91,Yuan Renminbi,7/9/2021,12/5/2021
1/1/2024,544,4901,Dr,3971,3716,29,9114,447,0.44,Dinar,0.86,Naira,8/21/2021,12/4/2021
1/1/2024,545,3005,Ms,1055,7799,32,7042,220,0.88,Peso,0.66,Ruble,8/15/2021,2/18/2021
1/4/2024,546,5200,Mr,2418,647,4,18786,341,0.9,Rupiah,0.65,Ruble,5/4/2021,10/9/2021
1/4/2024,547,2813,Dr,1553,7507,90,70714,298,0.77,Yen,0.12,Real,10/22/2021,11/13/2021
1/2/2024,548,4921,Dr,1574,8547,39,12572,272,0.27,Yuan Renminbi,0.89,Rupiah,3/9/2021,8/21/2021
1/2/2024,549,9731,Honorable,2570,9236,98,63085,359,0.2,Pound,0.37,Peso,1/14/2021,12/20/2021
1/2/2024,550,9857,Mr,2344,647,96,62650,222,0.36,Yuan Renminbi,0.3,Quetzal,10/15/2021,10/2/2021
1/2/2024,551,7229,Dr,3515,6551,77,87879,346,0.25,Manat,0.92,Rupiah,12/30/2021,2/18/2021
1/4/2024,552,9261,Mr,337,4573,25,99862,419,0.64,Yuan Renminbi,0.39,Euro,3/10/2021,4/27/2021
1/3/2024,553,7544,Rev,1463,3350,66,42043,383,0.47,Tugrik,0.28,Yuan Renminbi,8/4/2021,1/15/2021
1/1/2024,554,5670,Ms,567,4934,22,63766,311,0.16,Yuan Renminbi,0.98,Yuan Renminbi,7/26/2021,1/6/2021
1/4/2024,555,1984,Mrs,3713,8826,20,68100,253,0.95,Krona,0.23,Zloty,2/24/2021,11/25/2021
1/3/2024,556,1272,Mr,1125,5597,73,51768,321,0.45,Dollar,0.7,Rupee,12/4/2021,7/3/2021
1/4/2024,557,9401,Mrs,2562,1522,35,69765,360,0.86,Krona,0.73,Yuan Renminbi,10/2/2021,12/14/2021
1/4/2024,558,7259,Honorable,1712,8685,93,85263,358,0.48,Afghani,0.41,Euro,8/4/2021,7/24/2021
1/2/2024,559,2985,Mr,654,5112,22,19597,432,0.61,Hryvnia,0.87,Ringgit,7/6/2021,11/27/2021
1/1/2024,560,4406,Honorable,3454,6962,37,16354,377,0.46,Rupiah,0.33,Cedi,2/26/2021,12/26/2021
1/2/2024,561,1288,Honorable,2165,2272,17,10103,300,0.49,Baht,0.57,Euro,6/9/2021,2/28/2021
1/1/2024,562,2359,Dr,509,5893,68,90651,295,0.49,Shekel,0.78,Peso,11/2/2021,10/23/2021
1/3/2024,563,9601,Mr,1289,4322,35,6392,305,0.31,Zloty,0.36,Dong,3/15/2021,8/20/2021
1/4/2024,564,1167,Ms,1063,5482,79,52663,351,0.79,Rupiah,0.98,Ruble,12/3/2021,4/4/2021
1/3/2024,565,5616,Ms,1545,1286,12,38063,254,0.48,Peso,0.61,Rupiah,5/17/2021,5/1/2021
1/4/2024,566,7159,Honorable,3285,9998,73,2507,298,0.12,Koruna,0.33,Rupiah,5/21/2021,2/18/2021
1/1/2024,567,2274,Rev,2301,3878,32,65227,243,0.1,Real,0.04,Yen,2/7/2021,6/14/2021
1/4/2024,568,1053,Honorable,3958,1999,9,93064,440,0.57,Dollar,0.16,Rial,4/8/2021,1/31/2021
1/2/2024,569,1131,Mrs,2470,1973,17,85619,221,0.51,Yuan Renminbi,0.56,Rupiah,8/7/2021,12/6/2021
1/4/2024,570,2318,Dr,3979,6030,75,16705,407,0.56,Ruble,0.45,Rupiah,3/7/2021,8/27/2021
1/4/2024,571,9258,Honorable,1424,3975,4,95245,384,0.13,Baht,0.91,Krona,11/23/2021,9/28/2021
1/1/2024,572,1162,Honorable,3759,2833,89,57586,244,0.86,Yuan Renminbi,0.27,Rupee,6/29/2021,9/9/2021
1/4/2024,573,7890,Ms,2494,8853,37,68840,227,0.82,Yuan Renminbi,0.36,Dram,8/23/2021,3/2/2021
1/2/2024,574,1688,Ms,2392,8110,12,5784,479,0.01,Yuan Renminbi,0.58,Franc,11/10/2021,4/17/2021
1/4/2024,575,2210,Rev,3233,1376,54,43660,377,0.67,Yuan Renminbi,0.32,Yuan Renminbi,4/13/2021,12/23/2021
1/3/2024,576,5033,Honorable,3157,3158,59,54847,287,0.52,Yuan Renminbi,0.78,Koruna,6/2/2021,4/7/2021
1/3/2024,577,865,Rev,1855,9081,66,51810,230,0.31,Peso,0.81,Yuan Renminbi,10/6/2021,11/27/2021
1/2/2024,578,8061,Honorable,281,57,89,5502,276,0.83,Zloty,0.49,Yuan Renminbi,10/25/2021,6/17/2021
1/1/2024,579,9597,Mr,1597,1467,37,5410,392,0.53,Dollar,0.44,Kwacha,11/25/2021,1/10/2021
1/1/2024,580,7466,Mr,1976,9460,29,6252,324,0.55,Ruble,0.05,Zloty,5/12/2021,5/7/2021
1/4/2024,581,1014,Ms,802,939,70,18666,350,0.37,Yuan Renminbi,0.37,Dollar,7/4/2021,1/9/2021
1/4/2024,582,9398,Ms,2214,8717,0,17566,255,0.36,Kuna,0.12,Rand,11/1/2021,3/23/2021
1/3/2024,583,1092,Rev,475,6897,77,82554,209,0.1,Yuan Renminbi,0.93,Ruble,9/2/2021,6/9/2021
1/4/2024,584,4873,Honorable,768,57,54,36920,343,0.74,Yuan Renminbi,0.09,Peso,6/27/2021,5/7/2021
1/2/2024,585,7782,Mr,3262,7825,100,86397,431,0.33,Peso,0.75,Yuan Renminbi,4/22/2021,12/29/2021
1/4/2024,586,2451,Mr,2082,4107,20,28047,477,0.98,Peso,0.43,Koruna,4/7/2021,6/26/2021
1/1/2024,587,6463,Rev,783,8159,68,16442,424,0.66,Quetzal,0.4,Guarani,5/10/2021,10/2/2021
1/1/2024,588,3456,Ms,1495,4049,97,61298,395,0.29,Peso,0.65,Shilling,4/21/2021,4/9/2021
1/2/2024,589,2759,Honorable,2281,3284,13,46311,475,0.32,Yuan Renminbi,0.76,Kuna,4/2/2021,8/21/2021
1/3/2024,590,680,Dr,2745,44,79,3806,461,0.35,Rupiah,0.5,Rupiah,6/26/2021,10/10/2021
1/1/2024,591,6833,Dr,3395,5124,84,51047,317,0.1,Real,0.82,Guarani,1/22/2021,2/8/2021
1/3/2024,592,5570,Dr,323,8184,70,19727,419,0.68,Dollar,0.11,Euro,5/22/2021,3/30/2021
1/1/2024,593,2774,Honorable,2529,3616,42,20208,302,0.66,Rupiah,0.74,Peso,11/26/2021,9/20/2021
1/1/2024,594,4459,Mrs,3514,5641,82,46687,307,0.87,Hryvnia,0.75,Peso,6/21/2021,12/26/2021
1/2/2024,595,3396,Dr,1435,5229,5,71289,203,0.79,Manat,0.45,Euro,12/17/2021,8/22/2021
1/3/2024,596,3967,Mr,3570,3066,7,79299,364,0.08,Yen,0.09,Yuan Renminbi,2/10/2021,4/19/2021
1/4/2024,597,3106,Dr,3962,8836,17,38962,293,0.77,Euro,0.46,Peso,3/30/2021,10/10/2021
1/2/2024,598,925,Rev,2542,2618,32,62623,458,0.4,Yuan Renminbi,0.13,Shilling,3/25/2021,5/23/2021
1/2/2024,599,4375,Dr,2292,2854,47,41006,367,0.48,Zloty,0.87,Yuan Renminbi,2/12/2021,6/10/2021
1/3/2024,600,8922,Rev,3539,2525,41,93593,331,0.07,Koruna,0.38,Sol,4/10/2021,6/23/2021
1/4/2024,601,6190,Mr,995,6388,52,79768,380,0.08,Koruna,0.39,Dollar,10/27/2021,9/5/2021
1/2/2024,602,9159,Mr,3920,9782,84,34619,225,0.84,Yuan Renminbi,0.42,Yuan Renminbi,9/11/2021,10/2/2021
1/2/2024,603,7751,Rev,2450,1473,69,45024,203,0.36,Birr,0.74,Euro,10/2/2021,2/27/2021
1/2/2024,604,9204,Mr,2097,8492,36,71509,379,0.9,Rupiah,0.93,Kuna,10/22/2021,7/3/2021
1/3/2024,605,8948,Dr,3884,9653,90,43550,479,0.72,Yuan Renminbi,0.08,Yuan Renminbi,6/9/2021,3/6/2021
1/3/2024,606,6625,Mrs,2489,6663,3,29207,316,0.12,Hryvnia,0.41,Peso,10/8/2021,8/28/2021
1/3/2024,607,3760,Mr,1754,7535,66,50324,256,0.24,Euro,0.78,Rupiah,9/24/2021,1/28/2021
1/3/2024,608,1586,Honorable,1379,2747,80,87264,481,0.62,Zloty,0.98,Yuan Renminbi,5/30/2021,1/12/2021
1/4/2024,609,4754,Ms,1630,5462,70,63795,270,0.63,Lek,0.02,Peso,4/24/2021,3/9/2021
1/4/2024,610,6888,Rev,3724,3369,54,61404,330,0.08,Krona,0.6,Yuan Renminbi,4/3/2021,8/2/2021
1/3/2024,611,2361,Ms,1440,9043,75,82053,375,0.67,Peso,0.21,Bolivar,9/19/2021,11/18/2021
1/3/2024,612,6267,Mrs,689,8582,42,79594,438,0.09,Rupiah,0.26,Sol,6/6/2021,7/24/2021
1/3/2024,613,9911,Dr,3242,5228,79,15168,340,0.44,Yuan Renminbi,0.16,Euro,10/18/2021,5/9/2021
1/4/2024,614,3374,Honorable,2937,7164,72,38705,293,0.46,Euro,0.61,Rial,5/16/2021,6/21/2021
1/3/2024,615,1203,Mr,3760,2391,58,6967,209,0.71,Peso,0.57,Real,2/19/2021,10/23/2021
1/2/2024,616,2306,Mr,2335,5158,68,34857,413,0.88,Peso,0.85,Yuan Renminbi,1/13/2021,4/16/2021
1/1/2024,617,2106,Mrs,1342,4815,58,88499,440,0.91,Som,0.89,Euro,4/3/2021,3/5/2021
1/3/2024,618,2741,Mrs,2926,1438,78,28984,373,0.06,Dollar,0.88,Yuan Renminbi,6/26/2021,10/12/2021
1/2/2024,619,3370,Honorable,2048,8724,70,74766,266,0.24,Peso,0.4,Krona,5/21/2021,4/17/2021
1/2/2024,620,2206,Rev,981,3617,51,12540,277,0.48,Zloty,0.76,Sol,8/18/2021,1/17/2021
1/2/2024,621,1454,Mr,1730,6427,81,85441,377,0.33,Krona,0.17,Rupiah,1/13/2021,9/10/2021
1/1/2024,622,9583,Rev,729,3703,99,90798,219,0.14,Rupee,0.8,Peso,9/30/2021,3/29/2021
1/4/2024,623,3604,Rev,2246,8950,100,35417,224,0.69,Rupiah,0.28,Real,10/30/2021,4/22/2021
1/1/2024,624,802,Ms,3649,3954,42,51666,207,0.15,Dollar,0.89,Ruble,2/28/2021,5/13/2021
1/4/2024,625,1514,Rev,3823,5544,86,54931,243,0.34,Peso,0.86,Som,4/4/2021,9/3/2021
1/4/2024,626,8990,Ms,3662,5866,4,26061,394,0.84,Yuan Renminbi,0.65,Rupiah,6/27/2021,2/3/2021
1/2/2024,627,3553,Mrs,1342,5996,71,38839,490,0.87,Sol,0.06,Ruble,4/21/2021,7/17/2021
1/1/2024,628,3336,Rev,2540,6885,28,45360,387,0.2,Peso,0.02,Yuan Renminbi,11/17/2021,3/19/2021
1/2/2024,629,3052,Mrs,2316,3572,0,93509,289,0.65,Rupiah,0.31,Euro,1/29/2021,10/17/2021
1/4/2024,630,4357,Mrs,2803,8286,25,9732,486,0.36,Real,0.58,Dong,4/19/2021,3/23/2021
1/2/2024,631,8173,Rev,648,8179,9,49185,433,0.56,Dollar,0.21,Rupee,6/24/2021,4/13/2021
1/2/2024,632,7009,Rev,1954,8507,12,27676,299,0.76,Peso,0.56,Krone,10/13/2021,12/19/2021
1/2/2024,633,2238,Mr,1807,2411,43,47522,245,0.4,Boliviano,0.15,Franc,3/21/2021,10/1/2021
1/3/2024,634,2799,Dr,1759,4423,45,83770,378,1.0,Dollar,0.35,Sol,8/17/2021,7/17/2021
1/1/2024,635,3767,Ms,1396,5277,14,76581,339,0.54,Shilling,0.24,Yuan Renminbi,2/26/2021,5/25/2021
1/1/2024,636,4182,Rev,3838,1480,43,30557,449,0.29,Krona,0.84,Dong,8/18/2021,12/13/2021
1/1/2024,637,4466,Honorable,2334,9251,57,56924,285,0.9,Euro,0.9,Dinar,6/17/2021,10/9/2021
1/1/2024,638,2166,Mrs,2296,8428,17,21924,207,0.15,Dollar,0.94,Yuan Renminbi,9/8/2021,8/22/2021
1/2/2024,639,1908,Mr,3486,2304,93,49234,317,0.86,Guarani,0.59,Koruna,12/28/2021,12/1/2021
1/4/2024,640,8618,Mrs,1169,3001,16,66514,229,0.22,Shilling,0.73,Ruble,2/12/2021,12/22/2021
1/4/2024,641,7714,Mrs,2525,1951,19,52938,459,0.92,Euro,0.16,Rupiah,1/7/2021,5/3/2021
1/3/2024,642,9641,Dr,1060,5290,89,74139,430,0.35,Peso,0.03,Peso,7/14/2021,6/17/2021
1/3/2024,643,6491,Ms,1076,5116,87,69365,239,0.38,Yuan Renminbi,0.84,Rupiah,4/18/2021,1/21/2021
1/3/2024,644,5328,Dr,512,5221,35,37482,316,0.52,Ruble,0.04,Ruble,10/19/2021,1/18/2021
1/4/2024,645,6235,Ms,1545,1885,83,32035,290,0.47,Yuan Renminbi,0.25,Lev,3/1/2021,7/25/2021
1/1/2024,646,1886,Dr,3649,8580,67,93029,408,0.25,Rial,0.04,Yuan Renminbi,10/16/2021,4/6/2021
1/2/2024,647,1086,Rev,3840,4404,15,8331,248,0.55,Peso,0.5,Yuan Renminbi,5/12/2021,8/9/2021
1/4/2024,648,2022,Dr,1701,9973,54,97773,329,0.56,Rupiah,0.86,Rupiah,9/19/2021,12/8/2021
1/3/2024,649,2796,Honorable,2862,7265,45,95055,333,0.06,Dollar,0.8,Yen,1/23/2021,8/18/2021
1/3/2024,650,4340,Ms,1972,5648,82,44775,269,0.76,Krona,0.69,Ruble,4/1/2021,9/21/2021
1/4/2024,651,9237,Honorable,1837,3199,3,62185,448,0.94,Ruble,0.49,Rupiah,12/7/2021,2/12/2021
1/3/2024,652,5225,Mrs,1108,8976,33,6595,333,0.18,Sol,0.2,Rupiah,11/12/2021,8/3/2021
1/4/2024,653,6681,Dr,916,42,46,33719,445,0.23,Yen,0.42,Rupiah,7/27/2021,6/4/2021
1/3/2024,654,3549,Mr,543,742,37,80607,383,0.48,Ruble,0.85,Dram,12/13/2021,10/19/2021
1/2/2024,655,9667,Honorable,2840,160,91,45329,447,0.43,Yuan Renminbi,0.09,Yen,6/6/2021,12/1/2021
1/1/2024,656,2895,Mrs,3263,3387,16,13013,204,0.38,Rial,0.93,Euro,6/18/2021,9/2/2021
1/3/2024,657,4652,Dr,1963,8481,86,87839,278,0.15,Dinar,0.5,Euro,1/1/2021,8/22/2021
1/4/2024,658,7245,Mrs,3713,9625,29,31956,339,0.84,Rupiah,0.79,Euro,10/14/2021,2/14/2021
1/3/2024,659,1134,Rev,2352,319,1,12937,317,0.1,Baht,0.96,Peso,4/12/2021,4/24/2021
1/1/2024,660,6212,Ms,2636,396,8,62460,369,0.53,Sol,0.15,Zloty,9/6/2021,10/17/2021
1/3/2024,661,7987,Honorable,2798,6915,99,17392,298,0.08,Yen,0.84,Real,9/10/2021,9/25/2021
1/3/2024,662,9928,Mrs,3019,8315,44,18432,234,0.06,Tugrik,0.68,Ouguiya,4/5/2021,12/10/2021
1/3/2024,663,2914,Mr,3840,2480,42,65873,255,0.57,Euro,0.51,Krona,5/31/2021,4/20/2021
1/4/2024,664,7174,Honorable,1406,7941,20,31251,279,0.36,Yuan Renminbi,0.75,Sol,4/21/2021,12/27/2021
1/1/2024,665,2328,Dr,949,3596,96,43669,202,0.87,Dram,0.34,Rupiah,1/22/2021,2/16/2021
1/1/2024,666,6334,Mrs,759,8614,13,18598,270,0.91,Rupiah,0.02,Rial,7/30/2021,2/11/2021
1/2/2024,667,2723,Dr,578,7735,3,75,454,0.87,Ruble,0.89,Yuan Renminbi,12/22/2021,3/2/2021
1/1/2024,668,2105,Ms,3738,5147,92,18081,408,0.83,Ruble,0.49,Rupiah,2/11/2021,8/4/2021
1/2/2024,669,3429,Ms,2343,982,5,17969,463,0.62,Kyat,0.12,Euro,4/15/2021,7/9/2021
1/2/2024,670,5698,Mr,1421,243,71,36069,418,0.13,Krona,0.27,Dollar,1/24/2021,8/18/2021
1/4/2024,671,2112,Honorable,439,5716,84,66360,454,0.86,Yuan Renminbi,0.44,Lempira,10/11/2021,1/18/2021
1/2/2024,672,8404,Mrs,3556,2342,26,61884,458,0.09,Euro,0.35,Ruble,1/6/2021,9/26/2021
1/1/2024,673,6096,Rev,1972,208,85,89363,234,0.75,Lempira,0.56,Peso,7/12/2021,12/7/2021
1/2/2024,674,2987,Ms,1288,8729,62,61652,288,0.73,Real,0.67,Dollar,10/13/2021,11/20/2021
1/2/2024,675,2047,Rev,2473,6793,32,61462,415,0.0,Yuan Renminbi,0.83,Kyat,11/19/2021,4/29/2021
1/2/2024,676,9859,Rev,3742,6488,100,91214,225,0.66,Peso,0.59,Yuan Renminbi,3/22/2021,9/15/2021
1/2/2024,677,8459,Dr,2353,8669,5,95175,278,0.74,Dollar,0.25,Zloty,11/15/2021,5/23/2021
1/4/2024,678,7449,Rev,2573,95,44,97151,449,0.54,Yuan Renminbi,0.74,Euro,3/23/2021,2/21/2021
1/2/2024,679,2827,Mrs,2654,7654,7,90650,233,0.19,Zloty,0.88,Yuan Renminbi,9/13/2021,9/11/2021
1/4/2024,680,8393,Rev,607,2916,1,5293,333,0.97,Euro,0.32,Peso,2/7/2021,12/26/2021
1/4/2024,681,9141,Mr,2306,2048,26,48482,313,0.75,Ruble,0.84,Rupiah,7/5/2021,9/13/2021
1/2/2024,682,8394,Ms,2271,7058,6,80211,314,0.3,Rial,0.71,Balboa,11/17/2021,12/9/2021
1/1/2024,683,5322,Dr,1067,6982,83,1041,452,0.51,Yuan Renminbi,0.54,Yuan Renminbi,9/21/2021,11/27/2021
1/4/2024,684,960,Rev,1755,8177,88,27322,396,0.07,Denar,0.42,Dollar,12/24/2021,8/28/2021
1/3/2024,685,4147,Mrs,3638,3555,20,28413,493,0.51,Kuna,0.89,Bolivar,11/21/2021,3/10/2021
1/1/2024,686,2900,Ms,493,5142,18,43542,415,0.52,Franc,0.1,Dram,4/2/2021,1/2/2021
1/4/2024,687,9698,Honorable,2461,6634,31,6930,377,0.41,Yuan Renminbi,0.38,Hryvnia,11/5/2021,6/28/2021
1/1/2024,688,9129,Mr,531,2698,52,61585,200,0.17,Euro,0.74,Yuan Renminbi,10/11/2021,6/28/2021
1/3/2024,689,9661,Ms,3181,7577,3,22418,363,0.7,Franc,0.49,Peso,6/4/2021,6/10/2021
1/3/2024,690,5000,Mrs,3032,1783,90,63916,422,0.54,Euro,0.56,Dollar,3/26/2021,5/29/2021
1/4/2024,691,6419,Ms,2588,5064,26,36823,484,0.73,Yuan Renminbi,0.04,Rupiah,11/4/2021,1/28/2021
1/4/2024,692,8094,Mr,3402,42,7,25351,303,0.93,Peso,0.65,Yuan Renminbi,11/9/2021,4/18/2021
1/2/2024,693,5234,Dr,3505,7240,56,97245,319,0.93,Peso,0.42,Franc,6/14/2021,10/16/2021
1/2/2024,694,9008,Rev,2733,9683,80,14124,285,0.3,Yuan Renminbi,0.92,Yuan Renminbi,10/20/2021,10/28/2021
1/3/2024,695,5058,Ms,2144,9161,20,32882,412,0.13,Rial,0.75,Peso,7/18/2021,9/26/2021
1/4/2024,696,6407,Rev,2155,8850,15,98952,263,0.57,Yen,0.56,Yuan Renminbi,2/1/2021,6/3/2021
1/4/2024,697,9783,Ms,1463,9597,60,12426,225,0.4,Leone,0.77,Yuan Renminbi,8/8/2021,2/20/2021
1/3/2024,698,5121,Ms,998,8628,22,44390,437,0.7,Dollar,0.51,Lev,6/2/2021,10/19/2021
1/1/2024,699,9168,Ms,3416,1180,97,15763,477,0.35,Ruble,0.59,Yuan Renminbi,8/6/2021,12/10/2021
1/3/2024,700,2653,Ms,856,7421,29,99180,304,1.0,Krone,0.1,Rupiah,1/26/2021,11/16/2021
1/1/2024,701,6569,Mr,2136,9863,50,14053,445,0.88,Yuan Renminbi,0.47,Ruble,9/4/2021,4/11/2021
1/3/2024,702,2278,Dr,1676,3478,94,85336,275,0.58,Ruble,0.81,Euro,11/20/2021,12/12/2021
1/1/2024,703,9056,Dr,1658,9624,34,26042,226,0.48,Euro,0.52,Yuan Renminbi,11/4/2021,4/19/2021
1/3/2024,704,8041,Honorable,3817,7166,46,42834,330,0.26,Real,0.76,Hryvnia,6/17/2021,8/20/2021
1/1/2024,705,4988,Rev,3444,5739,92,93868,441,0.38,Yuan Renminbi,0.69,Peso,4/26/2021,6/2/2021
1/4/2024,706,2878,Honorable,230,2442,56,38953,351,0.2,Afghani,0.21,Yen,3/10/2021,1/27/2021
1/2/2024,707,6096,Ms,627,9885,59,5039,369,0.2,Yuan Renminbi,0.41,Peso,5/29/2021,8/6/2021
1/4/2024,708,9832,Dr,704,6486,28,815,464,0.75,Lari,0.04,Rand,8/28/2021,5/3/2021
1/1/2024,709,1298,Ms,2731,2868,96,86959,477,0.15,Yuan Renminbi,0.39,Franc,9/21/2021,6/24/2021
1/2/2024,710,713,Mr,1433,2419,66,32435,430,0.7,Euro,0.78,Yen,12/11/2021,6/22/2021
1/4/2024,711,8287,Ms,989,9370,29,60027,494,0.16,Pound,0.75,Ruble,5/11/2021,12/17/2021
1/3/2024,712,4199,Rev,1161,5768,12,39870,290,0.52,Euro,0.55,Yuan Renminbi,7/15/2021,12/7/2021
1/1/2024,713,5801,Mrs,3823,4207,4,68308,398,0.28,Yuan Renminbi,0.71,Euro,6/12/2021,10/27/2021
1/1/2024,714,4509,Honorable,2915,7312,63,92864,266,0.76,Krone,0.22,Yuan Renminbi,10/18/2021,3/24/2021
1/4/2024,715,8783,Dr,2446,807,80,65887,378,0.74,Krona,0.79,Dirham,3/9/2021,6/28/2021
1/4/2024,716,9178,Honorable,2069,2229,72,90682,445,0.58,Ruble,0.87,Peso,7/27/2021,1/18/2021
1/1/2024,717,7920,Dr,3200,8102,82,31686,210,0.01,Yuan Renminbi,0.26,Zloty,9/24/2021,6/7/2021
1/4/2024,718,6851,Rev,3149,890,84,11844,461,0.82,Franc,0.28,Kwanza,1/27/2021,5/6/2021
1/1/2024,719,8346,Mr,1130,5544,18,80320,446,0.45,Euro,0.76,Real,11/24/2021,9/6/2021
1/4/2024,720,6466,Honorable,2716,1605,91,93878,263,0.63,Peso,0.76,Peso,5/11/2021,9/27/2021
1/1/2024,721,4829,Mrs,2746,7620,84,86402,446,0.08,Som,0.0,Euro,11/25/2021,7/12/2021
1/2/2024,722,5071,Honorable,2557,7042,28,84649,389,0.91,Yuan Renminbi,0.1,Euro,10/21/2021,3/12/2021
1/3/2024,723,3817,Rev,748,3552,38,47566,423,0.17,Peso,0.42,Yuan Renminbi,1/28/2021,6/29/2021
1/1/2024,724,6912,Rev,2633,5078,11,3248,442,0.2,Yuan Renminbi,0.09,Dinar,6/7/2021,7/7/2021
1/4/2024,725,7602,Mrs,2800,389,40,30598,437,0.79,Euro,0.19,Ruble,12/4/2021,11/5/2021
1/4/2024,726,8717,Ms,1883,777,56,55377,375,0.54,Rupiah,0.57,Euro,11/20/2021,4/27/2021
1/2/2024,727,7134,Mrs,1881,8806,83,21456,260,0.65,Lempira,0.25,Kuna,8/29/2021,4/5/2021
1/1/2024,728,3750,Ms,522,4614,60,33238,333,0.33,Ruble,0.24,Rupiah,11/9/2021,5/2/2021
1/3/2024,729,9142,Mr,2095,6338,30,43571,325,0.15,Zloty,0.56,Peso,9/16/2021,2/8/2021
1/3/2024,730,3572,Rev,1606,7648,75,10024,451,0.31,Yuan Renminbi,0.83,Euro,4/5/2021,9/1/2021
1/3/2024,731,5458,Dr,2762,99,35,73398,497,0.81,Euro,0.05,Ruble,3/28/2021,12/2/2021
1/3/2024,732,2922,Mr,2026,5676,63,72558,237,0.13,Euro,0.14,Rand,10/14/2021,10/21/2021
1/2/2024,733,9985,Dr,873,6769,76,2581,469,0.18,Rupiah,0.72,Krona,11/29/2021,9/21/2021
1/4/2024,734,4390,Rev,1860,532,3,38061,369,0.52,Yuan Renminbi,0.14,Yuan Renminbi,5/2/2021,7/30/2021
1/1/2024,735,5476,Dr,3234,288,53,9068,367,0.06,Krone,0.9,Yuan Renminbi,3/26/2021,1/23/2021
1/4/2024,736,4316,Dr,3693,2689,76,76222,410,0.9,Euro,0.15,Dollar,11/13/2021,9/3/2021
1/3/2024,737,8645,Ms,640,3501,61,17271,344,0.92,Lari,0.33,Peso,9/10/2021,6/8/2021
1/4/2024,738,2932,Rev,3842,6480,85,58864,228,0.94,Shilling,0.31,Euro,1/16/2021,9/1/2021
1/1/2024,739,5702,Ms,313,211,34,94531,388,0.78,Pula,0.23,Yuan Renminbi,8/17/2021,6/9/2021
1/3/2024,740,5646,Ms,1453,3642,2,24434,438,0.05,Real,0.55,Tenge,7/19/2021,4/27/2021
1/1/2024,741,6845,Mr,1799,2746,45,52849,271,0.87,Pound,0.74,Euro,2/1/2021,5/30/2021
1/4/2024,742,3557,Mrs,428,2640,86,38466,293,0.24,Rupiah,0.18,Euro,1/19/2021,7/14/2021
1/2/2024,743,8247,Rev,2598,3866,41,70774,451,0.75,Yen,0.28,Sol,3/9/2021,1/1/2021
1/4/2024,744,3498,Mrs,3647,4380,29,73167,383,0.48,Rupiah,0.0,Peso,9/15/2021,3/22/2021
1/3/2024,745,3387,Mrs,2145,6985,50,94592,381,0.09,Euro,0.4,Rupiah,4/2/2021,11/21/2021
1/4/2024,746,4833,Dr,2475,867,39,61601,353,0.88,Real,0.87,Rupiah,11/13/2021,12/2/2021
1/1/2024,747,2119,Ms,937,4611,56,75748,288,0.01,Dram,0.56,Taka,10/8/2021,5/23/2021
1/3/2024,748,8800,Mr,2383,1191,68,43253,356,0.72,Yuan Renminbi,0.46,Krona,7/14/2021,8/12/2021
1/4/2024,749,539,Honorable,1356,3290,74,64252,431,0.34,Taka,0.3,Yuan Renminbi,8/2/2021,7/22/2021
1/2/2024,750,9846,Honorable,2636,6026,91,44614,405,0.51,Hryvnia,0.81,Litas,5/6/2021,8/14/2021
1/4/2024,751,4068,Dr,3001,1667,65,6052,394,0.81,Euro,0.62,Euro,8/21/2021,11/21/2021
1/1/2024,752,7540,Mr,681,2006,17,34526,436,0.26,Euro,0.43,Franc,5/10/2021,3/15/2021
1/3/2024,753,3922,Honorable,2569,2490,36,46719,312,0.9,Rupiah,0.49,Dirham,2/13/2021,8/3/2021
1/1/2024,754,1359,Dr,469,7411,78,13662,392,0.84,Yuan Renminbi,0.68,Zloty,1/11/2021,10/14/2021
1/4/2024,755,6471,Honorable,2737,1082,66,16975,495,0.46,Rupiah,0.25,Dollar,12/17/2021,12/16/2021
1/3/2024,756,1185,Mrs,1819,7273,74,40030,367,0.76,Yuan Renminbi,0.27,Franc,10/11/2021,5/2/2021
1/1/2024,757,9320,Mrs,1232,4991,94,68994,245,0.42,Rupiah,0.23,Quetzal,7/30/2021,6/27/2021
1/4/2024,758,4192,Dr,3234,434,82,98192,243,0.04,Yuan Renminbi,0.31,Dollar,1/28/2021,7/3/2021
1/3/2024,759,656,Mr,2530,6036,7,49855,394,0.41,Yuan Renminbi,0.07,Dinar,7/4/2021,11/15/2021
1/3/2024,760,6209,Mr,1286,6988,55,26331,459,0.31,Yuan Renminbi,0.05,Shekel,4/4/2021,3/22/2021
1/4/2024,761,4148,Ms,639,2265,0,50478,307,0.26,Koruna,0.78,Som,11/20/2021,12/17/2021
1/3/2024,762,5023,Dr,320,3928,71,31028,270,0.81,Krona,0.43,Yuan Renminbi,9/15/2021,3/18/2021
1/4/2024,763,7551,Mr,765,4228,92,78202,269,0.26,Yen,0.5,Yuan Renminbi,6/23/2021,7/15/2021
1/3/2024,764,2558,Rev,3508,9895,45,25017,484,0.64,Peso,0.71,Zloty,12/22/2021,7/5/2021
1/1/2024,765,4281,Honorable,3994,6477,88,27824,338,0.74,Rupiah,0.97,Ruble,3/29/2021,6/15/2021
1/3/2024,766,8976,Ms,2833,2331,76,77661,244,0.8,Euro,0.35,Euro,12/2/2021,10/2/2021
1/4/2024,767,5668,Mr,659,6754,37,61,269,0.58,Yuan Renminbi,0.31,Dollar,9/7/2021,12/18/2021
1/2/2024,768,8852,Ms,2612,6012,59,59224,288,0.49,Pound,0.74,Dollar,1/27/2021,10/14/2021
1/1/2024,769,943,Ms,1712,234,3,88387,324,0.36,Peso,0.03,Ruble,7/11/2021,2/13/2021
1/1/2024,770,1260,Rev,3394,956,24,60997,345,0.6,Rupiah,0.84,Baht,3/17/2021,12/22/2021
1/1/2024,771,5959,Mr,387,8420,11,93069,311,0.51,Rupiah,0.99,Lev,8/31/2021,3/15/2021
1/1/2024,772,8720,Honorable,3654,3098,65,94692,316,0.65,Ruble,0.41,Yuan Renminbi,3/9/2021,8/24/2021
1/1/2024,773,3660,Honorable,2383,3924,64,63226,224,0.57,Dollar,1.0,Ruble,9/3/2021,8/23/2021
1/2/2024,774,7667,Mrs,3797,5207,5,44834,208,0.44,Yuan Renminbi,0.37,Boliviano,5/14/2021,3/29/2021
1/3/2024,775,6221,Mr,1936,224,70,88460,387,0.32,Rupiah,0.43,Euro,7/10/2021,7/18/2021
1/3/2024,776,5295,Mr,228,5301,64,94027,280,0.16,Dollar,0.65,Koruna,12/1/2021,1/19/2021
1/3/2024,777,3753,Mrs,2056,592,68,69465,383,0.05,Yuan Renminbi,0.38,Franc,9/6/2021,1/26/2021
1/2/2024,778,4684,Rev,3188,6426,86,36072,267,0.72,Dinar,0.43,Hryvnia,10/27/2021,6/2/2021
1/4/2024,779,8843,Ms,1997,4890,89,21549,294,0.42,Dollar,0.35,Yuan Renminbi,7/29/2021,9/27/2021
1/4/2024,780,1578,Mrs,1838,7638,30,36119,309,0.79,Yuan Renminbi,0.32,Euro,4/24/2021,9/14/2021
1/1/2024,781,2369,Mr,2857,623,9,26227,380,0.09,Zloty,0.73,Rupiah,7/26/2021,1/18/2021
1/3/2024,782,2760,Dr,3525,5453,89,86867,264,0.17,Rupiah,0.19,Euro,3/16/2021,5/15/2021
1/1/2024,783,9568,Honorable,1139,7999,48,45559,424,0.99,Bolivar,0.79,Yuan Renminbi,4/22/2021,3/6/2021
1/4/2024,784,4923,Dr,3524,5616,12,54394,257,0.14,Yuan Renminbi,0.32,Peso,1/1/2021,12/6/2021
1/3/2024,785,7888,Rev,2809,1737,70,53240,344,0.87,Real,0.02,Dollar,5/26/2021,7/28/2021
1/3/2024,786,9549,Dr,3063,9835,80,88843,412,0.71,Yuan Renminbi,0.94,Dollar,3/30/2021,10/28/2021
1/2/2024,787,865,Mrs,1093,8094,11,14436,355,0.59,Rupiah,0.21,Ruble,12/16/2021,12/24/2021
1/4/2024,788,1359,Rev,1723,2913,58,99595,296,0.93,Zloty,0.01,Yuan Renminbi,10/2/2021,8/31/2021
1/1/2024,789,1237,Dr,3753,8894,26,39007,500,0.87,Real,0.08,Yuan Renminbi,6/7/2021,1/4/2021
1/4/2024,790,6483,Mr,1405,753,75,51175,334,0.47,Lek,0.32,Rupiah,3/10/2021,11/18/2021
1/1/2024,791,1675,Honorable,2205,7841,71,76146,408,0.37,Yuan Renminbi,0.44,Yen,10/1/2021,12/4/2021
1/3/2024,792,1013,Rev,670,4454,27,5753,497,0.04,Rupiah,0.25,Yuan Renminbi,7/22/2021,1/21/2021
1/4/2024,793,3857,Ms,847,792,44,21994,371,0.71,Rupiah,0.17,Rupiah,5/28/2021,8/30/2021
1/4/2024,794,5818,Honorable,2782,3157,16,5013,240,0.87,Peso,0.35,Rupiah,8/29/2021,9/17/2021
1/2/2024,795,5134,Mrs,2322,9668,63,6663,494,0.36,Yuan Renminbi,0.12,Metical,8/28/2021,8/8/2021
1/1/2024,796,2673,Honorable,1242,4866,23,96296,322,0.03,Yuan Renminbi,0.19,Yuan Renminbi,12/21/2021,4/8/2021
1/4/2024,797,3229,Ms,2634,2817,91,87161,451,1.0,Euro,0.47,Real,12/5/2021,2/20/2021
1/1/2024,798,6330,Mr,1146,938,33,73720,500,0.62,Shekel,0.87,Hryvnia,6/25/2021,4/3/2021
1/1/2024,799,9860,Mrs,3994,5745,60,15467,426,0.45,Yuan Renminbi,0.17,Peso,12/26/2021,3/3/2021
1/2/2024,800,5626,Mr,1314,2729,5,66777,423,0.62,Rupiah,0.52,Som,8/24/2021,12/26/2021
1/3/2024,801,4256,Dr,3991,3486,51,4569,440,0.07,Yuan Renminbi,0.3,Dollar,10/24/2021,8/2/2021
1/4/2024,802,7359,Mr,3964,7115,46,33637,350,0.43,Yuan Renminbi,0.99,Peso,7/13/2021,4/15/2021
1/2/2024,803,8884,Mrs,3894,1094,90,70885,240,0.48,Peso,0.55,Yuan Renminbi,11/28/2021,2/27/2021
1/3/2024,804,7870,Dr,1127,1595,48,83015,217,0.16,Euro,0.06,Afghani,3/11/2021,2/17/2021
1/3/2024,805,4854,Ms,206,4925,85,72560,243,0.43,Peso,0.35,Ruble,10/29/2021,7/19/2021
1/3/2024,806,5729,Mrs,3735,960,19,96180,389,0.2,Rupiah,0.39,Ruble,1/14/2021,10/23/2021
1/4/2024,807,9525,Honorable,2954,7190,40,21434,479,0.6,Cedi,0.95,Peso,10/17/2021,7/25/2021
1/3/2024,808,6286,Ms,2451,8734,3,56017,286,0.88,Rial,0.94,Yuan Renminbi,6/17/2021,8/18/2021
1/2/2024,809,4510,Honorable,3814,9886,4,46493,213,0.92,Balboa,0.35,Hryvnia,11/10/2021,7/2/2021
1/1/2024,810,9531,Honorable,2082,3876,33,55888,370,0.39,Ruble,0.55,Rupiah,8/22/2021,11/19/2021
1/2/2024,811,6683,Honorable,480,9183,85,60072,243,0.29,Dinar,0.36,Baht,1/14/2021,8/19/2021
1/2/2024,812,779,Dr,2424,993,38,58251,290,0.3,Ruble,0.02,Yuan Renminbi,6/25/2021,9/27/2021
1/2/2024,813,9211,Mr,441,3332,74,23067,434,0.66,Pound,0.72,Sol,2/16/2021,7/6/2021
1/2/2024,814,7993,Honorable,3848,5982,75,39696,244,0.8,Shilling,0.5,Yuan Renminbi,9/13/2021,12/14/2021
1/3/2024,815,1366,Dr,1809,1240,30,5380,343,0.42,Lari,0.74,Ruble,7/7/2021,10/23/2021
1/2/2024,816,5548,Mr,1448,960,70,43754,371,0.67,Hryvnia,0.86,Baht,10/20/2021,8/16/2021
1/4/2024,817,4288,Mrs,1682,6733,9,25927,286,0.53,Yuan Renminbi,0.48,Real,9/8/2021,6/7/2021
1/2/2024,818,3997,Honorable,357,2130,11,12681,332,0.74,Lev,0.97,Lek,4/8/2021,1/3/2021
1/1/2024,819,9918,Dr,3778,3587,20,3715,274,0.86,Yuan Renminbi,0.17,Real,6/21/2021,9/21/2021
1/1/2024,820,4764,Ms,2662,6261,23,99679,282,0.48,Peso,0.04,Rupiah,2/24/2021,2/23/2021
1/4/2024,821,8345,Honorable,1055,6332,3,69834,313,0.06,Baht,0.81,Rupiah,11/26/2021,4/13/2021
1/4/2024,822,1004,Mrs,2610,9968,29,62919,315,0.06,Ruble,0.9,Yuan Renminbi,12/12/2021,1/16/2021
1/3/2024,823,5619,Mrs,1870,7348,76,59461,483,0.4,Hryvnia,0.92,Shilling,4/29/2021,3/16/2021
1/4/2024,824,945,Mr,1147,2512,68,17561,475,0.98,Som,0.46,Real,10/21/2021,1/5/2021
1/2/2024,825,7232,Mr,315,1736,98,91280,338,0.99,Hryvnia,0.66,Ringgit,10/4/2021,10/12/2021
1/3/2024,826,2780,Dr,1125,6253,68,56244,237,0.59,Yuan Renminbi,0.14,Krona,8/20/2021,4/1/2021
1/2/2024,827,634,Mr,1762,6228,88,70142,375,0.16,Sol,0.46,Yuan Renminbi,5/29/2021,2/4/2021
1/1/2024,828,9194,Mr,3048,6040,51,74105,304,0.01,Baht,0.56,Yuan Renminbi,11/23/2021,6/8/2021
1/1/2024,829,3509,Honorable,3619,6494,93,90854,449,0.33,Rupiah,0.18,Peso,2/25/2021,3/5/2021
1/3/2024,830,1482,Dr,217,2886,17,75963,246,0.93,Peso,0.6,Bolivar,6/11/2021,2/2/2021
1/2/2024,831,8552,Rev,1287,2451,80,93130,221,0.4,Dong,0.67,Rufiyaa,1/17/2021,3/29/2021
1/3/2024,832,5135,Mrs,2470,7389,7,37056,382,0.27,Euro,0.53,Ruble,3/25/2021,1/16/2021
1/2/2024,833,7903,Mrs,391,4085,37,9747,242,0.55,Pound,0.66,Rupiah,6/24/2021,1/24/2021
1/1/2024,834,2371,Dr,2188,6429,67,43799,481,0.07,Zloty,0.18,Won,10/31/2021,2/28/2021
1/1/2024,835,4326,Rev,325,4175,9,70656,236,0.58,Kip,0.92,Franc,7/25/2021,4/13/2021
1/1/2024,836,2429,Mrs,925,979,67,72771,308,0.45,Rupiah,0.76,Franc,1/9/2021,4/17/2021
1/1/2024,837,9623,Mr,2532,5746,99,23067,291,0.23,Baht,0.77,Lempira,7/27/2021,7/30/2021
1/4/2024,838,7086,Rev,2323,5456,68,11024,308,0.26,Yuan Renminbi,0.16,Yen,12/30/2021,5/23/2021
1/2/2024,839,8380,Honorable,594,5171,81,22878,285,0.34,Dinar,0.49,Yuan Renminbi,7/20/2021,8/18/2021
1/4/2024,840,8599,Honorable,1455,9029,43,88151,405,0.28,Baht,0.29,Rupiah,12/18/2021,9/30/2021
1/1/2024,841,2776,Ms,2091,4614,69,31328,461,0.38,Rupiah,0.46,Rupiah,7/6/2021,4/29/2021
1/4/2024,842,3264,Rev,1175,5576,79,53282,281,0.12,Euro,0.02,Yuan Renminbi,10/8/2021,12/6/2021
1/3/2024,843,6506,Ms,1449,8353,58,78493,350,0.25,Peso,0.22,Rupiah,8/13/2021,12/10/2021
1/1/2024,844,7226,Dr,1619,9705,95,93342,237,0.05,Yuan Renminbi,0.05,Yuan Renminbi,10/14/2021,3/28/2021
1/3/2024,845,6904,Ms,552,9205,20,90393,360,0.43,Franc,0.35,Baht,10/2/2021,12/8/2021
1/3/2024,846,7588,Rev,383,8358,59,6702,291,0.31,Peso,0.77,Yuan Renminbi,4/10/2021,11/9/2021
1/4/2024,847,1581,Mrs,1521,7022,66,27936,303,0.6,Birr,0.46,Dollar,11/21/2021,1/13/2021
1/3/2024,848,5295,Honorable,1068,6823,76,54035,412,0.03,Peso,0.43,Dollar,4/10/2021,5/30/2021
1/1/2024,849,1059,Mr,3176,1169,16,4391,466,0.07,Euro,0.41,Peso,10/26/2021,1/5/2021
1/1/2024,850,9645,Ms,1694,2031,93,62267,479,0.73,Rupiah,0.12,Lek,11/21/2021,8/15/2021
1/3/2024,851,4600,Ms,2509,4243,88,41854,411,0.19,Krona,0.71,Rupiah,12/25/2021,8/9/2021
1/4/2024,852,1114,Honorable,3885,8413,90,53279,329,0.29,Euro,0.08,Rupiah,6/8/2021,7/16/2021
1/2/2024,853,6623,Mrs,1180,1285,66,64574,391,0.89,Rupiah,0.33,Euro,11/21/2021,9/20/2021
1/1/2024,854,9623,Rev,3781,5881,18,10649,464,0.54,Dong,0.11,Yuan Renminbi,2/27/2021,9/27/2021
1/2/2024,855,7763,Honorable,1820,2073,32,83710,369,0.17,Real,0.98,Euro,11/14/2021,12/29/2021
1/3/2024,856,4172,Ms,2838,4162,84,72052,310,0.99,Peso,0.6,Hryvnia,8/4/2021,6/22/2021
1/2/2024,857,8238,Ms,3275,9413,93,60107,428,0.76,Rupiah,0.1,Yuan Renminbi,1/23/2021,12/28/2021
1/1/2024,858,2964,Rev,1556,5248,32,25499,225,0.16,Yuan Renminbi,0.92,Ruble,6/21/2021,7/28/2021
1/3/2024,859,3682,Honorable,1237,4246,47,58541,451,0.24,Krona,0.75,Peso,10/21/2021,10/21/2021
1/1/2024,860,2110,Dr,685,2872,25,25721,460,0.41,Yuan Renminbi,0.57,Koruna,8/10/2021,2/25/2021
1/1/2024,861,672,Dr,586,1859,36,42239,340,0.21,Yuan Renminbi,0.23,Peso,11/4/2021,7/12/2021
1/3/2024,862,4278,Mr,2213,2037,3,57562,229,0.84,Dong,0.17,Krona,1/9/2021,11/19/2021
1/4/2024,863,4809,Mrs,936,1860,70,89390,349,0.23,Zloty,0.22,Litas,11/4/2021,2/15/2021
1/3/2024,864,7667,Mr,3417,5427,6,63007,288,0.82,Franc,0.12,Koruna,2/10/2021,12/5/2021
1/3/2024,865,9807,Dr,1160,8435,98,6462,478,0.21,Rial,0.74,Peso,8/10/2021,8/20/2021
1/2/2024,866,4167,Rev,3678,3338,48,93642,349,0.03,Tugrik,0.96,Shilling,11/18/2021,8/24/2021
1/4/2024,867,8636,Mrs,3791,809,4,41529,422,0.44,Rupiah,0.41,Peso,5/5/2021,6/9/2021
1/3/2024,868,3707,Mr,2442,344,44,20450,474,0.88,Birr,0.08,Real,4/26/2021,6/16/2021
1/2/2024,869,5601,Ms,3121,7756,1,70093,325,0.57,Dinar,0.7,Franc,11/18/2021,8/1/2021
1/4/2024,870,8077,Dr,514,7342,65,77286,356,0.29,Hryvnia,0.33,Yuan Renminbi,5/8/2021,3/2/2021
1/2/2024,871,4701,Mr,1276,4729,79,67509,228,0.87,Zloty,0.03,Yuan Renminbi,1/11/2021,8/16/2021
1/2/2024,872,1511,Honorable,3945,6628,70,59631,425,0.17,Sol,0.66,Yuan Renminbi,7/9/2021,9/19/2021
1/3/2024,873,3548,Dr,362,6593,2,30493,310,0.82,Yuan Renminbi,0.88,Bolivar,3/26/2021,6/19/2021
1/3/2024,874,5343,Honorable,432,1127,93,16056,474,0.2,Yuan Renminbi,0.72,Krona,7/3/2021,8/14/2021
1/1/2024,875,9543,Dr,1744,4523,31,45319,483,0.28,Real,0.66,Rupiah,10/1/2021,8/9/2021
1/3/2024,876,9132,Dr,591,9165,84,71559,250,0.51,Peso,0.09,Peso,4/25/2021,11/18/2021
1/3/2024,877,4040,Ms,1388,3476,45,96026,276,0.56,Yuan Renminbi,0.3,Peso,1/1/2021,4/29/2021
1/1/2024,878,4678,Rev,3393,64,41,56913,213,0.89,Euro,0.99,Rupiah,9/3/2021,11/12/2021
1/2/2024,879,6581,Rev,3699,8126,46,70553,423,0.65,Dollar,0.69,Euro,4/23/2021,10/17/2021
1/2/2024,880,4159,Mrs,3332,4300,57,8510,266,0.8,Dirham,0.96,Rial,3/31/2021,7/3/2021
1/4/2024,881,8016,Mr,1908,6902,6,47665,389,0.07,Naira,0.19,Kuna,4/24/2021,9/1/2021
1/4/2024,882,9936,Mrs,522,2104,87,90585,340,0.04,Koruna,0.57,Euro,4/18/2021,1/3/2021
1/2/2024,883,3597,Ms,2235,7827,15,80363,274,0.47,Quetzal,0.27,Yuan Renminbi,4/8/2021,4/15/2021
1/2/2024,884,7085,Mr,1291,4698,47,22354,454,0.61,Krone,0.01,Peso,5/30/2021,7/21/2021
1/2/2024,885,1455,Mr,3716,1372,23,576,450,0.39,Baht,0.04,Franc,3/17/2021,6/9/2021
1/2/2024,886,4272,Rev,2344,2957,39,19345,383,0.19,Sol,0.12,Dollar,6/4/2021,6/17/2021
1/4/2024,887,2817,Ms,2472,4920,76,53969,388,0.04,Krona,0.2,Dollar,10/13/2021,5/18/2021
1/1/2024,888,1138,Rev,2351,3685,74,2688,224,0.9,Peso,0.63,Boliviano,3/2/2021,2/24/2021
1/1/2024,889,7794,Dr,3806,474,36,37546,492,0.53,Krona,0.99,Zloty,5/5/2021,4/12/2021
1/4/2024,890,3453,Ms,3311,3188,49,17806,232,0.27,Som,0.66,Yuan Renminbi,10/15/2021,8/11/2021
1/4/2024,891,6017,Rev,329,7032,97,78065,353,0.32,Peso,0.46,Colon,2/21/2021,4/7/2021
1/3/2024,892,9395,Mr,2545,7227,81,24319,486,0.53,Yuan Renminbi,0.98,Real,1/8/2021,12/28/2021
1/3/2024,893,4108,Mrs,2696,5140,57,17655,459,0.24,Krona,0.61,Euro,9/10/2021,9/26/2021
1/3/2024,894,9386,Honorable,3328,8058,96,5512,378,0.75,Peso,0.97,Yuan Renminbi,5/5/2021,2/9/2021
1/1/2024,895,5655,Honorable,2138,4236,44,88185,441,0.46,Krone,0.08,Rupiah,5/3/2021,1/6/2021
1/2/2024,896,7794,Ms,873,2510,99,55300,253,0.97,Ringgit,0.67,Rupee,7/5/2021,11/20/2021
1/3/2024,897,6890,Honorable,3531,2746,19,98422,396,0.59,Ruble,0.42,Real,12/22/2021,8/31/2021
1/2/2024,898,5434,Honorable,337,8932,94,70721,257,0.06,Yuan Renminbi,0.62,Rupiah,10/20/2021,6/17/2021
1/2/2024,899,8286,Honorable,1257,8156,87,77383,364,0.45,Yuan Renminbi,0.49,Yuan Renminbi,5/31/2021,2/2/2021
1/3/2024,900,9989,Rev,3711,823,0,93227,387,0.17,Yuan Renminbi,0.06,Yuan Renminbi,5/13/2021,9/3/2021
1/4/2024,901,1296,Honorable,589,1741,61,94019,224,0.57,Colon,0.52,Peso,11/18/2021,2/24/2021
1/4/2024,902,5244,Mr,3642,6580,66,17576,460,0.05,Rupiah,0.83,Shilling,7/14/2021,11/12/2021
1/2/2024,903,7278,Honorable,1543,3768,47,72688,431,0.52,Ruble,0.96,Peso,8/9/2021,7/29/2021
1/2/2024,904,2567,Rev,789,7878,96,20859,296,0.63,Birr,0.86,Euro,5/3/2021,1/3/2021
1/1/2024,905,5881,Mrs,3529,5399,31,48976,211,0.07,Euro,0.11,Euro,12/18/2021,2/6/2021
1/2/2024,906,7163,Ms,515,2240,80,38567,409,0.88,Yuan Renminbi,0.25,Koruna,11/27/2021,1/1/2021
1/2/2024,907,2751,Rev,2184,8829,36,98546,237,0.44,Rupiah,0.89,Rupiah,6/26/2021,2/17/2021
1/1/2024,908,7366,Rev,461,7808,95,26918,278,0.17,Rupiah,0.93,Zloty,1/9/2021,3/19/2021
1/1/2024,909,4260,Mrs,3155,5665,94,21713,237,0.0,Euro,0.02,Peso,3/28/2021,9/2/2021
1/4/2024,910,6140,Mr,3227,167,56,36940,387,0.4,Rupiah,0.89,Yen,7/8/2021,11/30/2021
1/1/2024,911,4659,Dr,2929,9570,13,43547,277,0.2,Peso,0.11,Peso,12/9/2021,12/19/2021
1/3/2024,912,7315,Rev,2351,4407,48,31610,313,0.24,Rupiah,0.09,Yuan Renminbi,12/15/2021,9/5/2021
1/3/2024,913,2035,Ms,3486,3594,24,87708,433,0.11,Peso,0.83,Rupiah,4/4/2021,7/17/2021
1/1/2024,914,1096,Dr,572,423,88,67811,467,0.6,Koruna,0.97,Dollar,6/22/2021,3/26/2021
1/4/2024,915,7238,Ms,3409,1455,36,61650,292,0.7,Naira,0.27,Rial,7/31/2021,8/10/2021
1/4/2024,916,6221,Dr,2407,1112,25,76492,322,0.49,Yuan Renminbi,0.39,Dollar,5/14/2021,1/16/2021
1/1/2024,917,8053,Mrs,3549,9919,12,87124,213,0.29,Rupiah,0.12,Peso,7/26/2021,12/2/2021
1/4/2024,918,2476,Rev,3590,852,58,95706,294,0.87,Yuan Renminbi,0.86,Yen,5/26/2021,3/29/2021
1/3/2024,919,2523,Rev,1927,2390,57,24205,273,0.11,Baht,1.0,Ruble,8/29/2021,7/31/2021
1/2/2024,920,4826,Dr,744,7949,76,59254,290,0.08,Rupiah,0.44,Yuan Renminbi,12/16/2021,7/29/2021
1/4/2024,921,6036,Mr,3647,4420,38,75931,365,0.62,Dinar,0.18,Dollar,7/28/2021,6/24/2021
1/3/2024,922,6498,Honorable,3322,1614,74,89699,240,0.53,Yuan Renminbi,0.71,Dong,11/22/2021,4/4/2021
1/2/2024,923,3900,Honorable,2913,3844,21,56028,251,0.01,Yuan Renminbi,0.73,Ruble,11/15/2021,4/1/2021
1/3/2024,924,2874,Honorable,3810,5733,12,26766,245,0.19,Ruble,0.13,Yuan Renminbi,5/22/2021,5/30/2021
1/4/2024,925,4877,Mrs,2865,8474,61,86686,220,0.68,Yuan Renminbi,0.68,Rupiah,4/22/2021,12/23/2021
1/1/2024,926,5784,Mrs,2404,9553,69,38488,405,0.53,Yen,0.5,Rupiah,3/22/2021,8/5/2021
1/2/2024,927,3493,Honorable,2262,5606,65,45413,458,0.88,Dollar,0.04,Ruble,12/22/2021,10/25/2021
1/3/2024,928,4498,Ms,3505,7926,73,90546,457,0.99,Peso,0.24,Kip,11/17/2021,5/24/2021
1/4/2024,929,2926,Ms,2901,3481,26,59536,406,0.9,Peso,0.52,Yuan Renminbi,8/27/2021,12/24/2021
1/2/2024,930,5240,Rev,1467,9971,72,15045,447,0.16,Krona,0.36,Rial,9/24/2021,10/18/2021
1/1/2024,931,2631,Honorable,803,3895,6,21745,274,0.84,Dong,0.37,Euro,11/7/2021,10/14/2021
1/4/2024,932,1240,Dr,3983,9876,69,69082,418,0.66,Euro,0.65,Dollar,10/14/2021,10/9/2021
1/3/2024,933,3185,Honorable,3655,2390,21,47154,436,0.82,Rial,0.12,Peso,3/15/2021,9/9/2021
1/1/2024,934,2601,Mrs,2907,2256,40,46453,461,0.16,Tugrik,0.29,Real,8/17/2021,5/27/2021
1/1/2024,935,9062,Dr,654,5352,81,46799,413,0.49,Yuan Renminbi,0.89,Rupiah,10/20/2021,3/31/2021
1/4/2024,936,1141,Mrs,1520,6955,31,38358,493,0.33,Peso,0.31,Euro,11/20/2021,10/31/2021
1/2/2024,937,2619,Mrs,3076,6898,100,34235,405,0.68,Rupee,0.85,Peso,3/26/2021,12/12/2021
1/3/2024,938,2130,Honorable,1645,1353,23,68550,326,0.01,Rupiah,0.14,Tenge,7/12/2021,9/24/2021
1/3/2024,939,2769,Honorable,847,7452,89,36635,385,0.34,Franc,0.87,Rupee,11/8/2021,5/11/2021
1/2/2024,940,4676,Dr,647,9329,63,1772,242,0.72,Rupiah,0.47,Ruble,8/14/2021,8/2/2021
1/4/2024,941,4774,Mrs,1044,9363,40,23663,375,0.42,Peso,0.4,Euro,6/10/2021,2/17/2021
1/3/2024,942,6385,Rev,3661,93,79,59427,202,0.79,Ruble,0.57,Franc,2/14/2021,12/18/2021
1/2/2024,943,3269,Ms,1849,8944,18,89226,286,0.6,Peso,0.52,Real,8/28/2021,6/21/2021
1/1/2024,944,3060,Honorable,2962,9542,67,62739,340,0.61,Rupiah,0.61,Real,2/8/2021,7/15/2021
1/1/2024,945,1138,Rev,3092,7764,63,55439,224,0.35,Dong,0.08,Sol,4/16/2021,11/22/2021
1/1/2024,946,9585,Dr,1716,2793,90,18786,365,0.98,Rupiah,0.76,Rupiah,5/31/2021,6/23/2021
1/1/2024,947,8365,Mrs,3857,5641,10,26161,289,0.84,Real,0.91,Zloty,2/26/2021,4/4/2021
1/1/2024,948,1479,Mr,2949,9616,15,39332,330,0.06,Lev,0.98,Yuan Renminbi,7/19/2021,5/10/2021
1/1/2024,949,7622,Dr,2542,8732,3,6633,227,0.33,Peso,0.83,Ruble,2/5/2021,5/29/2021
1/3/2024,950,2502,Rev,2441,7558,98,65644,284,0.39,Ruble,0.59,Yuan Renminbi,9/14/2021,1/2/2021
1/4/2024,951,2013,Rev,1020,5892,5,57210,265,0.47,Krona,0.55,Peso,7/1/2021,11/11/2021
1/2/2024,952,1395,Mrs,2043,4067,70,74449,200,0.59,Krone,0.18,Rial,10/14/2021,1/31/2021
1/1/2024,953,5098,Rev,571,877,28,35861,411,0.78,Kuna,0.11,Peso,10/24/2021,10/7/2021
1/1/2024,954,2693,Honorable,3733,2120,79,14824,407,0.25,Zloty,0.86,Dollar,7/12/2021,7/3/2021
1/2/2024,955,9644,Ms,1798,2399,46,4437,484,0.75,Leone,0.87,Yuan Renminbi,4/17/2021,8/23/2021
1/2/2024,956,6520,Honorable,1413,9136,45,34010,443,0.37,Rupiah,0.91,Ruble,4/13/2021,12/18/2021
1/2/2024,957,1531,Dr,3032,6497,68,80725,313,0.9,Rupiah,0.18,Yuan Renminbi,9/6/2021,5/13/2021
1/1/2024,958,4827,Rev,2815,2235,11,50097,453,0.73,Hryvnia,0.31,Euro,7/15/2021,11/7/2021
1/3/2024,959,6910,Mr,2666,5433,94,22501,348,0.94,Yuan Renminbi,0.11,Euro,5/18/2021,11/26/2021
1/3/2024,960,6229,Ms,928,1883,42,31548,287,0.82,Peso,0.7,Peso,7/23/2021,4/7/2021
1/3/2024,961,9893,Dr,1080,6311,42,3573,489,0.49,Peso,0.86,Euro,2/28/2021,9/1/2021
1/1/2024,962,9861,Dr,2821,8416,61,80186,276,0.43,Rupiah,0.13,Zloty,2/24/2021,4/20/2021
1/4/2024,963,3098,Mr,3549,895,96,79745,425,0.41,Shekel,0.15,Rial,8/16/2021,4/1/2021
1/2/2024,964,7140,Mrs,464,8878,81,10149,403,0.27,Euro,0.1,Ringgit,7/17/2021,5/2/2021
1/2/2024,965,1026,Rev,418,2157,19,7239,499,0.09,Yuan Renminbi,0.55,Yuan Renminbi,4/2/2021,1/18/2021
1/3/2024,966,6136,Mrs,2853,1952,11,80465,404,0.57,Dollar,0.54,Peso,6/27/2021,7/9/2021
1/1/2024,967,8771,Honorable,1918,561,35,47249,361,0.23,Krona,0.72,Euro,4/11/2021,7/7/2021
1/2/2024,968,4041,Dr,1009,1709,35,53818,327,0.66,Peso,0.44,Dollar,9/23/2021,4/13/2021
1/1/2024,969,6865,Mrs,2101,6601,32,21793,470,0.83,Zloty,0.88,Krona,9/14/2021,1/16/2021
1/1/2024,970,1899,Honorable,1124,9677,53,18698,243,0.84,Rial,0.27,Yuan Renminbi,1/10/2021,9/5/2021
1/2/2024,971,1843,Honorable,3921,816,12,7331,211,0.29,Yuan Renminbi,0.78,Yuan Renminbi,12/16/2021,1/3/2021
1/4/2024,972,1077,Ms,1893,3100,83,28856,296,0.48,Yuan Renminbi,0.79,Krona,8/16/2021,7/19/2021
1/4/2024,973,7449,Mrs,1193,5036,59,7030,363,0.89,Franc,0.14,Rupiah,10/19/2021,4/9/2021
1/1/2024,974,5365,Rev,645,6942,37,20781,332,0.95,Peso,0.78,Baht,7/29/2021,10/25/2021
1/2/2024,975,1359,Mr,629,1438,88,11774,315,0.55,Dram,0.57,Sol,3/6/2021,3/3/2021
1/4/2024,976,1236,Mr,1943,5706,25,97685,309,0.92,Peso,0.74,Yuan Renminbi,4/11/2021,2/14/2021
1/2/2024,977,5234,Honorable,930,9721,31,34644,311,0.63,Zloty,0.37,Peso,11/3/2021,7/9/2021
1/2/2024,978,4612,Rev,1620,1580,7,35943,395,0.76,Yuan Renminbi,0.75,Euro,9/21/2021,7/16/2021
1/4/2024,979,4961,Rev,1545,1018,20,96093,258,0.64,Real,0.29,Euro,3/1/2021,1/28/2021
1/1/2024,980,2461,Dr,2300,7901,61,15096,436,0.72,Yuan Renminbi,0.11,Zloty,1/16/2021,4/5/2021
1/3/2024,981,6924,Honorable,1078,7780,44,62367,436,0.97,Ariary,0.65,Krone,12/21/2021,11/30/2021
1/3/2024,982,6589,Ms,556,9724,1,18438,417,0.56,Euro,0.1,Yuan Renminbi,12/28/2021,3/19/2021
1/3/2024,983,5997,Mrs,1533,8132,75,52698,442,0.41,Franc,0.07,Sol,6/21/2021,8/8/2021
1/3/2024,984,3639,Honorable,2811,6393,69,11188,200,0.16,Euro,0.17,Real,6/6/2021,6/27/2021
1/4/2024,985,4338,Dr,3081,8810,48,88947,382,0.21,Yuan Renminbi,0.18,Rupiah,9/4/2021,8/23/2021
1/1/2024,986,3486,Mrs,1229,3913,39,75887,229,0.14,Cordoba,0.24,Rupiah,2/6/2021,12/24/2021
1/3/2024,987,3842,Dr,3373,1256,75,62428,208,0.32,Sol,0.07,Bolivar,3/2/2021,12/13/2021
1/4/2024,988,3511,Mrs,2039,1602,76,54757,275,0.41,Yuan Renminbi,0.27,Sol,4/25/2021,3/25/2021
1/3/2024,989,9948,Dr,3860,947,8,22704,324,0.96,Lempira,0.74,Taka,11/3/2021,4/16/2021
1/4/2024,990,3538,Ms,334,3013,12,55197,476,0.82,Koruna,0.13,Euro,8/16/2021,3/26/2021
1/2/2024,991,1307,Honorable,2924,3734,41,31354,449,0.31,Zloty,0.94,Euro,9/28/2021,12/9/2021
1/1/2024,992,3027,Mr,3060,3800,93,56525,310,0.85,Sol,0.51,Naira,11/11/2021,12/15/2021
1/2/2024,993,9018,Ms,1582,980,55,46629,452,0.68,Shekel,0.91,Baht,3/12/2021,8/15/2021
1/4/2024,994,2818,Honorable,1476,7325,70,15710,209,0.11,Peso,0.66,Sol,6/7/2021,8/19/2021
1/1/2024,995,6177,Dr,3691,9806,25,38571,463,0.66,Rupiah,0.04,Peso,5/12/2021,9/29/2021
1/2/2024,996,941,Dr,3407,4533,35,42705,485,0.19,Yuan Renminbi,0.36,Real,5/27/2021,5/13/2021
1/4/2024,997,7151,Mr,533,7053,3,17835,321,0.54,Euro,0.51,Peso,3/19/2021,2/24/2021
1/1/2024,998,5307,Dr,755,3522,71,9705,479,0.69,Rupiah,0.26,Balboa,4/10/2021,11/20/2021
1/3/2024,999,8486,Mrs,255,9501,100,71844,252,0.18,Dollar,0.83,Peso,1/22/2021,3/6/2021
1/2/2024,1000,8104,Ms,3476,5502,70,4541,306,0.7,Dollar,0.54,Peso,4/2/2021,5/20/2021
